Workbook

Sheet DETALLE_TRAZABILIDAD
A1: ESTADO_CARGA_PES | B1: NUM_DOCUMENTO | C1: DV | D1: NOMBRE_COMPLETO | E1: MOTIVO_NO_CARGA_LEGIBLE | F1: COLUMNAS_OBSERVADAS | G1: VALORES_OBSERVADOS | H1: ACCION_REQUERIDA_LEGIBLE | I1: SIES_TIPO_DOCUMENTO | J1: ORIGINAL_TIPO_DOCUMENTO | K1: SIES_NUM_DOCUMENTO | L1: ORIGINAL_NUM_DOCUMENTO | M1: SIES_DV | N1: ORIGINAL_DV | O1: SIES_PRIMER_APELLIDO | P1: ORIGINAL_PRIMER_APELLIDO | Q1: SIES_SEGUNDO_APELLIDO | R1: ORIGINAL_SEGUNDO_APELLIDO | S1: SIES_NOMBRES | T1: ORIGINAL_NOMBRES | U1: SIES_SEXO | V1: ORIGINAL_SEXO | W1: SIES_FECHA_NACIMIENTO | X1: ORIGINAL_FECHA_NACIMIENTO | Y1: SIES_NACIONALIDAD | Z1: ORIGINAL_NACIONALIDAD | AA1: SIES_NIVEL_FORMACION_ACADEMICO | AB1: ORIGINAL_NIVEL_FORMACION_ACADEMICO | AC1: SIES_NOMBRE_TITULO_O_GRADO | AD1: ORIGINAL_NOMBRE_TITULO_O_GRADO | AE1: SIES_NOMBRE_INSTITUCION_OBT_TITULO | AF1: ORIGINAL_NOMBRE_INSTITUCION_OBT_TITULO | AG1: SIES_PAIS_OBTENCION_TIT_O_GRADO | AH1: ORIGINAL_PAIS_OBTENCION_TIT_O_GRADO | AI1: SIES_FECHA_OBT_TIT_O_GRADO | AJ1: ORIGINAL_FECHA_OBT_TIT_O_GRADO | AK1: SIES_NIVEL_FORMACION_ESPECIALIDAD | AL1: ORIGINAL_NIVEL_FORMACION_ESPECIALIDAD | AM1: SIES_TIPO_ESPECIALIDAD | AN1: ORIGINAL_TIPO_ESPECIALIDAD | AO1: SIES_NOMBRE_ESPECIALIDAD | AP1: ORIGINAL_NOMBRE_ESPECIALIDAD | AQ1: SIES_NOMBRE_INST_OBT_ESPECIALIDAD | AR1: ORIGINAL_NOMBRE_INST_OBT_ESPECIALIDAD | AS1: SIES_PAIS_OBTENCION_ESPECIALIDAD | AT1: ORIGINAL_PAIS_OBTENCION_ESPECIALIDAD | AU1: SIES_FECHA_OBTENCION_ESPECIALIDAD | AV1: ORIGINAL_FECHA_OBTENCION_ESPECIALIDAD | AW1: SIES_PRINCIPAL_CARGO_ACADEMICO | AX1: ORIGINAL_PRINCIPAL_CARGO_ACADEMICO | AY1: SIES_CARGO_NORMALIZADO | AZ1: ORIGINAL_CARGO_NORMALIZADO | BA1: SIES_NIVEL_SUPERIOR_ADSCRIPCION | BB1: ORIGINAL_NIVEL_SUPERIOR_ADSCRIPCION | BC1: SIES_NIVEL_SECUNDARIO_ADSCRIPCION | BD1: ORIGINAL_NIVEL_SECUNDARIO_ADSCRIPCION | BE1: SIES_COMUNA_MAYOR_FUNCION | BF1: ORIGINAL_COMUNA_MAYOR_FUNCION | BG1: SIES_NOMBRE_PRINCIPAL_PROGRAMA | BH1: ORIGINAL_NOMBRE_PRINCIPAL_PROGRAMA | BI1: SIES_TOTAL_HORAS_PRINCIPAL_PROGRAMA | BJ1: ORIGINAL_TOTAL_HORAS_PRINCIPAL_PROGRAMA | BK1: SIES_COMUNA_PRINCIPAL_PROGRAMA | BL1: ORIGINAL_COMUNA_PRINCIPAL_PROGRAMA | BM1: SIES_NUM_HORAS_PLANTA | BN1: ORIGINAL_NUM_HORAS_PLANTA | BO1: SIES_NUM_HORAS_CONTRATA | BP1: ORIGINAL_NUM_HORAS_CONTRATA | BQ1: SIES_NUM_HORAS_HONORARIOS | BR1: ORIGINAL_NUM_HORAS_HONORARIOS | BS1: SIES_JERARQUIA_ACADEMICA | BT1: ORIGINAL_JERARQUIA_ACADEMICA | BU1: SIES_JERARQUIA_ACADEMICA_OCDE | BV1: ORIGINAL_JERARQUIA_ACADEMICA_OCDE | BW1: SIES_VIGENCIA | BX1: ORIGINAL_VIGENCIA
A2: CARGADO_PES | B2: 10063280 | C2: 2 | D2: ESPINOZA CHAPARRO FLORENCIO | H2: Sin accion requerida. | I2: R | J2: R | K2: 10063280 | L2: 10063280 | M2: 2 | N2: 2 | O2: ESPINOZA | P2: ESPINOZA | Q2: CHAPARRO | R2: CHAPARRO | S2: FLORENCIO | T2: FLORENCIO | U2: H | V2: H | W2: 12-10-1964 | X2: 1964-10-12 | Y2: 38 | Z2: 38 | AA2: 5 | AB2: 5 | AC2: PROGRAMADOR DE APLICACIONES | AD2: PROGRAMADOR DE APLICACIONES | AE2: CFT ITESA | AF2: CFT ITESA | AG2: 38 | AH2: 38 | AI2: 20-10-1990 | AJ2: 1990-10-20 | AP2: NO APLICA | AR2: NO APLICA | AV2: NO APLICA | AW2: DOCENTE | AX2: DOCENTE | AY2: 9 | AZ2: 9 | BA2: VICERRECTORIA ACADEMICA | BB2: VICERRECTORIA ACADEMICA | BC2: DIRECCION DE CARRERA | BD2: DIRECCION DE CARRERA | BE2: SANTIAGO | BG2: INGENIERIA EN CIBERSEGURIDAD | BH2: INGENIERIA EN CIBERSEGURIDAD | BI2: 12 | BJ2: 12 | BK2: SANTIAGO | BL2: SANTIAGO | BM2: 0 | BO2: 0 | BQ2: 18 | BR2: 18 | BS2: NO APLICA | BT2: NO APLICA | BU2: 5 | BV2: 5 | BW2: 1 | BX2: 1
A3: CARGADO_PES | B3: 10393519 | C3: 9 | D3: LOPEZ PARRA JOSÉ JOEL | H3: Sin accion requerida. | I3: R | J3: R | K3: 10393519 | L3: 10393519 | M3: 9 | N3: 9 | O3: LOPEZ | P3: LOPEZ | Q3: PARRA | R3: PARRA | S3: JOSE JOEL | T3: JOSÉ JOEL | U3: H | V3: H | W3: 18-12-1966 | X3: 1966-12-18 | Y3: 38 | Z3: 38 | AA3: 3 | AB3: 3 | AC3: INGENIERO DE EJECUCION EN ADMINISTRACION Y FINANZAS | AD3: INGENIERO DE EJECUCIÓN EN ADMINISTRACIÓN Y FINANZAS | AE3: UNIVERSIDAD RAUL SILVA HENRIQUEZ | AF3: UNIVERSIDAD RAUL SILVA HENRIQUEZ | AG3: 38 | AH3: 38 | AI3: 19-07-2012 | AJ3: 2012-07-19 | AP3: NO APLICA | AR3: NO APLICA | AV3: NO APLICA | AW3: DOCENTE | AX3: DOCENTE | AY3: 9 | AZ3: 9 | BA3: VICERRECTORIA ACADEMICA | BB3: VICERRECTORIA ACADEMICA | BC3: DIRECCION DE CARRERA | BD3: DIRECCION DE CARRERA | BE3: SANTIAGO | BG3: INGENIERIA EN ADMINISTRACION DE EMPRESAS | BH3: INGENIERIA EN ADMINISTRACION DE EMPRESAS | BI3: 15 | BJ3: 15 | BK3: SANTIAGO | BL3: SANTIAGO | BM3: 0 | BO3: 0 | BQ3: 25 | BR3: 25 | BS3: NO APLICA | BT3: NO APLICA | BU3: 5 | BV3: 5 | BW3: 1 | BX3: 1
A4: CARGADO_PES | B4: 10536500 | C4: 4 | D4: GARCIA ROMERO MARIO | H4: Sin accion requerida. | I4: R | J4: R | K4: 10536500 | L4: 10536500 | M4: 4 | N4: 4 | O4: GARCIA | P4: GARCIA | Q4: ROMERO | R4: ROMERO | S4: MARIO | T4: MARIO | U4: H | V4: H | W4: 14-04-1967 | X4: 1967-04-14 | Y4: 38 | Z4: 38 | AA4: 2 | AB4: 2 | AC4: MMAGISTER EN DOCENCIA PARA LA EDUCACION SUPERIOR | AD4: MMAGISTER EN DOCENCIA PARA LA EDUCACIÓN SUPERIOR | AE4: UNIVERSIDAD ANDRES BELLO | AF4: UNIVERSIDAD ANDRES BELLO | AG4: 38 | AH4: 38 | AI4: 08-11-2011 | AJ4: 2011-11-08 | AP4: NO APLICA | AR4: NO APLICA | AV4: NO APLICA | AW4: DOCENTE | AX4: DOCENTE | AY4: 9 | AZ4: 9 | BA4: VICERRECTORIA ACADEMICA | BB4: VICERRECTORIA ACADEMICA | BC4: DIRECCION DE CARRERA | BD4: DIRECCION DE CARRERA | BE4: SANTIAGO | BG4: FORMACION GENERAL | BH4: FORMACIÓN GENERAL | BI4: 5 | BJ4: 5 | BK4: SANTIAGO | BL4: SANTIAGO | BM4: 0 | BO4: 0 | BQ4: 24.5 | BR4: 24.5 | BS4: NO APLICA | BT4: NO APLICA | BU4: 5 | BV4: 5 | BW4: 1 | BX4: 1
A5: CARGADO_PES | B5: 10727793 | C5: 5 | D5: BRAVO FIGUEROA PATRICIO ANDRÉS | H5: Sin accion requerida. | I5: R | J5: R | K5: 10727793 | L5: 10727793 | M5: 5 | N5: 5 | O5: BRAVO | P5: BRAVO | Q5: FIGUEROA | R5: FIGUEROA | S5: PATRICIO ANDRES | T5: PATRICIO ANDRÉS | U5: H | V5: H | W5: 02-06-1969 | X5: 1969-06-02 | Y5: 38 | Z5: 38 | AA5: 2 | AB5: 2 | AC5: MAGISTER EN GESTION PEDAGOGICA CURRICULAR Y PROYECTOS EDUCATIVOS | AD5: MAGÍSTER EN GESTIÓN PEDAGÓGICA - CURRICULAR Y PROYECTOS EDUCATIVOS | AE5: UNIVERSIDAD ANDRES BELLO | AF5: UNIVERSIDAD ANDRES BELLO | AG5: 38 | AH5: 38 | AI5: 06-10-2023 | AJ5: 2023-10-06 | AP5: NO APLICA | AR5: NO APLICA | AV5: NO APLICA | AW5: DOCENTE | AX5: DOCENTE | AY5: 9 | AZ5: 9 | BA5: VICERRECTORIA ACADEMICA | BB5: VICERRECTORIA ACADEMICA | BC5: DIRECCION DE CARRERA | BD5: DIRECCION DE CARRERA | BE5: SANTIAGO | BG5: FORMACION GENERAL | BH5: FORMACIÓN GENERAL | BI5: 15 | BJ5: 15 | BK5: SANTIAGO | BL5: SANTIAGO | BM5: 0 | BO5: 0 | BQ5: 24.5 | BR5: 24.5 | BS5: NO APLICA | BT5: NO APLICA | BU5: 5 | BV5: 5 | BW5: 1 | BX5: 1
A6: CARGADO_PES | B6: 11250569 | C6: 5 | D6: CASAS KRAM DINA MAGDALENA | H6: Sin accion requerida. | I6: R | J6: R | K6: 11250569 | L6: 11250569 | M6: 5 | N6: 5 | O6: CASAS | P6: CASAS | Q6: KRAM | R6: KRAM | S6: DINA MAGDALENA | T6: DINA MAGDALENA | U6: M | V6: M | W6: 06-07-1968 | X6: 1968-07-06 | Y6: 38 | Z6: 38 | AA6: 2 | AB6: 2 | AC6: MAGISTER EN DOCENCIA PARA LA EDUCACION SUPERIOR | AD6: MAGÍSTER EN DOCENCIA PARA LA EDUCACIÓN SUPERIOR | AE6: UNIVERSIDAD CENTRAL DE CHILE | AF6: UNIVERSIDAD CENTRAL DE CHILE | AG6: 38 | AH6: 38 | AI6: 13-07-2023 | AJ6: 2023-07-13 | AP6: NO APLICA | AR6: NO APLICA | AV6: NO APLICA | AW6: DOCENTE | AX6: DOCENTE | AY6: 9 | AZ6: 9 | BA6: VICERRECTORIA ACADEMICA | BB6: VICERRECTORIA ACADEMICA | BC6: DIRECCION DE CARRERA | BD6: DIRECCION DE CARRERA | BE6: SANTIAGO | BG6: TECNICO EN ENFERMERIA | BH6: TECNICO EN ENFERMERIA | BI6: 20 | BJ6: 20 | BK6: SANTIAGO | BL6: SANTIAGO | BM6: 0 | BO6: 0 | BQ6: 20 | BR6: 20 | BS6: NO APLICA | BT6: NO APLICA | BU6: 5 | BV6: 5 | BW6: 1 | BX6: 1
A7: CARGADO_PES | B7: 11481000 | C7: 2 | D7: AGUILAR SANTANA CARLOS ALFREDO | H7: Sin accion requerida. | I7: R | J7: R | K7: 11481000 | L7: 11481000 | M7: 2 | N7: 2 | O7: AGUILAR | P7: AGUILAR | Q7: SANTANA | R7: SANTANA | S7: CARLOS ALFREDO | T7: CARLOS ALFREDO | U7: H | V7: H | W7: 21-08-1968 | X7: 1968-08-21 | Y7: 38 | Z7: 38 | AA7: 3 | AB7: 3 | AC7: PROFESOR DE MATEMATICAS | AD7: PROFESOR DE MATEMÁTICAS | AE7: UNIVERSIDAD CATOLICA DE VALPARAISO | AF7: UNIVERSIDAD CATOLICA DE VALPARAISO | AG7: 38 | AH7: 38 | AI7: 08-08-1996 | AJ7: 1996-08-08 | AP7: NO APLICA | AR7: NO APLICA | AV7: NO APLICA | AW7: DOCENTE | AX7: DOCENTE | AY7: 9 | AZ7: 9 | BA7: VICERRECTORIA ACADEMICA | BB7: VICERRECTORIA ACADEMICA | BC7: DIRECCION DE CARRERA | BD7: DIRECCION DE CARRERA | BE7: SANTIAGO | BG7: FORMACION GENERAL | BH7: FORMACIÓN GENERAL | BI7: 10 | BJ7: 10 | BK7: SANTIAGO | BL7: SANTIAGO | BM7: 0 | BO7: 0 | BQ7: 10 | BR7: 10 | BS7: NO APLICA | BT7: NO APLICA | BU7: 5 | BV7: 5 | BW7: 1 | BX7: 1
A8: CARGADO_PES | B8: 11613889 | C8: 1 | D8: MENA ZUMARÁN NINROD | H8: Sin accion requerida. | I8: R | J8: R | K8: 11613889 | L8: 11613889 | M8: 1 | N8: 1 | O8: MENA | P8: MENA | Q8: ZUMARAN | R8: ZUMARÁN | S8: NINROD | T8: NINROD | U8: M | V8: M | W8: 24-02-1970 | X8: 1970-02-24 | Y8: 38 | Z8: 38 | AA8: 3 | AB8: 3 | AC8: INGENIERO EN EJECUCION ELECTRONICA | AD8: INGENIERO EN EJECUCIÓN ELECTRÓNICA | AE8: UNIVERSIDAD TECNOLOGICA DE CHILE INACAP | AF8: UNIVERSIDAD TECNOLOGICA DE CHILE INACAP | AG8: 38 | AH8: 38 | AI8: 18-02-2020 | AJ8: 2020-02-18 | AP8: NO APLICA | AR8: NO APLICA | AV8: NO APLICA | AW8: DOCENTE | AX8: DOCENTE | AY8: 9 | AZ8: 9 | BA8: VICERRECTORIA ACADEMICA | BB8: VICERRECTORIA ACADEMICA | BC8: DIRECCION DE CARRERA | BD8: DIRECCION DE CARRERA | BE8: SANTIAGO | BG8: INGENIERIA EN CIBERSEGURIDAD | BH8: INGENIERIA EN CIBERSEGURIDAD | BI8: 6 | BJ8: 6 | BK8: SANTIAGO | BL8: SANTIAGO | BM8: 0 | BO8: 0 | BQ8: 3 | BR8: 3 | BS8: NO APLICA | BT8: NO APLICA | BU8: 5 | BV8: 5 | BW8: 1 | BX8: 1
A9: CARGADO_PES | B9: 11640980 | C9: 1 | D9: LARA ORELLANA PATRICIO ANDRÉS | H9: Sin accion requerida. | I9: R | J9: R | K9: 11640980 | L9: 11640980 | M9: 1 | N9: 1 | O9: LARA | P9: LARA | Q9: ORELLANA | R9: ORELLANA | S9: PATRICIO ANDRES | T9: PATRICIO ANDRÉS | U9: H | V9: H | W9: 15-12-1970 | X9: 1970-12-15 | Y9: 38 | Z9: 38 | AA9: 3 | AB9: 3 | AC9: INGENIERO EN EJECUCION EN ADMINISTRACION PUBLICA | AD9: INGENIERO EN EJECUCIÓN EN ADMINISTRACIÓN PÚBLICA | AE9: UNIVERSIDAD ACADEMIA DE HUMANISMO CRISTIANO | AF9: UNIVERSIDAD ACADEMIA DE HUMANISMO CRISTIANO | AG9: 38 | AH9: 38 | AI9: 25-10-2005 | AJ9: 2005-10-25 | AP9: NO APLICA | AR9: NO APLICA | AV9: NO APLICA | AW9: DOCENTE | AX9: DOCENTE | AY9: 9 | AZ9: 9 | BA9: VICERRECTORIA ACADEMICA | BB9: VICERRECTORIA ACADEMICA | BC9: DIRECCION DE CARRERA | BD9: DIRECCION DE CARRERA | BE9: SANTIAGO | BG9: ADMINISTRACION PUBLICA | BH9: ADMINISTRACION PUBLICA | BI9: 15 | BJ9: 15 | BK9: SANTIAGO | BL9: SANTIAGO | BM9: 0 | BO9: 0 | BQ9: 15 | BR9: 15 | BS9: NO APLICA | BT9: NO APLICA | BU9: 5 | BV9: 5 | BW9: 1 | BX9: 1
A10: CARGADO_PES | B10: 11944423 | C10: 3 | D10: SUMA DE VILLA NELSON CARVALLO | H10: Sin accion requerida. | I10: R | J10: R | K10: 11944423 | L10: 11944423 | M10: 3 | N10: 3 | O10: SUMA | P10: SUMA | Q10: DE VILLA | R10: DE VILLA | S10: NELSON CARVALLO | T10: NELSON CARVALLO | U10: H | V10: H | W10: 06-05-1972 | X10: 1972-05-06 | Y10: 38 | Z10: 38 | AA10: 4 | AB10: 4 | AC10: LICENCIADO EN MATEMATICA Y COMPUTACION | AD10: LICENCIADO EN MATEMÁTICA Y COMPUTACIÓN | AE10: UNIVERSIDAD DE SANTIAGO DE CHILE | AF10: UNIVERSIDAD DE SANTIAGO DE CHILE | AG10: 38 | AH10: 38 | AI10: 19-05-1998 | AJ10: 1998-05-19 | AP10: NO APLICA | AR10: NO APLICA | AV10: NO APLICA | AW10: DOCENTE | AX10: DOCENTE | AY10: 9 | AZ10: 9 | BA10: VICERRECTORIA ACADEMICA | BB10: VICERRECTORIA ACADEMICA | BC10: DIRECCION DE CARRERA | BD10: DIRECCION DE CARRERA | BE10: SANTIAGO | BG10: INGENIERIA EN INFORMATICA | BH10: INGENIERIA EN INFORMATICA | BI10: 21 | BJ10: 21 | BK10: SANTIAGO | BL10: SANTIAGO | BM10: 0 | BO10: 0 | BQ10: 15 | BR10: 15 | BS10: NO APLICA | BT10: NO APLICA | BU10: 5 | BV10: 5 | BW10: 1 | BX10: 1
A11: CARGADO_PES | B11: 12141132 | C11: 6 | D11: SANDOVAL TRONCOSO SEBASTIÁN | H11: Sin accion requerida. | I11: R | J11: R | K11: 12141132 | L11: 12141132 | M11: 6 | N11: 6 | O11: SANDOVAL | P11: SANDOVAL | Q11: TRONCOSO | R11: TRONCOSO | S11: SEBASTIAN | T11: SEBASTIÁN | U11: H | V11: H | W11: 21-11-1970 | X11: 1970-11-21 | Y11: 38 | Z11: 38 | AA11: 3 | AB11: 3 | AC11: INGENIERO EN CONECTIVIDAD Y REDES | AD11: INGENIERO EN CONECTIVIDAD Y REDES | AE11: INSTITUTO PROFESIONAL SAN SEBASTIAN | AF11: INSTITUTO PROFESIONAL SAN SEBASTIÁN | AG11: 38 | AH11: 38 | AI11: 28-04-2025 | AJ11: 2025-04-28 | AP11: NO APLICA | AR11: NO APLICA | AV11: NO APLICA | AW11: DOCENTE | AX11: DOCENTE | AY11: 9 | AZ11: 9 | BA11: VICERRECTORIA ACADEMICA | BB11: VICERRECTORIA ACADEMICA | BC11: DIRECCION DE CARRERA | BD11: DIRECCION DE CARRERA | BE11: SANTIAGO | BG11: INGENIERIA EN INFORMATICA | BH11: INGENIERIA EN INFORMATICA | BI11: 3 | BJ11: 3 | BK11: SANTIAGO | BL11: SANTIAGO | BM11: 0 | BO11: 0 | BQ11: 3 | BR11: 3 | BS11: NO APLICA | BT11: NO APLICA | BU11: 5 | BV11: 5 | BW11: 1 | BX11: 1
A12: CARGADO_PES | B12: 12240733 | C12: 0 | D12: ÁLVAREZ MAULÉN MILTON | H12: Sin accion requerida. | I12: R | J12: R | K12: 12240733 | L12: 12240733 | M12: 0 | N12: 0 | O12: ALVAREZ | P12: ÁLVAREZ | Q12: MAULEN | R12: MAULÉN | S12: MILTON | T12: MILTON | U12: H | V12: H | W12: 31-07-1972 | X12: 1972-07-31 | Y12: 38 | Z12: 38 | AA12: 3 | AB12: 3 | AC12: PROFESOR DE ESTADO EN FISICA Y MATEMATICA | AD12: PROFESOR DE ESTADO EN FÍSICA Y MATEMÁTICA | AE12: UNIVERSIDAD DE SANTIAGO | AF12: UNIVERSIDAD DE SANTIAGO | AG12: 38 | AH12: 38 | AI12: 16-06-2009 | AJ12: 2009-06-16 | AP12: NO APLICA | AR12: NO APLICA | AV12: NO APLICA | AW12: DOCENTE | AX12: DOCENTE | AY12: 9 | AZ12: 9 | BA12: VICERRECTORIA ACADEMICA | BB12: VICERRECTORIA ACADEMICA | BC12: DIRECCION DE CARRERA | BD12: DIRECCION DE CARRERA | BE12: SANTIAGO | BG12: FORMACION GENERAL | BH12: FORMACIÓN GENERAL | BI12: 15 | BJ12: 15 | BK12: SANTIAGO | BL12: SANTIAGO | BM12: 0 | BO12: 0 | BQ12: 25 | BR12: 25 | BS12: NO APLICA | BT12: NO APLICA | BU12: 5 | BV12: 5 | BW12: 1 | BX12: 1
A13: CARGADO_PES | B13: 12534768 | C13: 1 | D13: MATUS PEZO RODRIGO | H13: Sin accion requerida. | I13: R | J13: R | K13: 12534768 | L13: 12534768 | M13: 1 | N13: 1 | O13: MATUS | P13: MATUS | Q13: PEZO | R13: PEZO | S13: RODRIGO | T13: RODRIGO | U13: H | V13: H | W13: 08-11-1973 | X13: 1973-11-08 | Y13: 38 | Z13: 38 | AA13: 3 | AB13: 3 | AC13: INGENIERO DE EJECUCION EN INFORMATICA | AD13: INGENIERO DE EJECUCIÓN EN INFORMÁTICA | AE13: UNIVERSIDAD DE LA FRONTERA | AF13: UNIVERSIDAD DE LA FRONTERA | AG13: 38 | AH13: 38 | AI13: 28-04-2004 | AJ13: 2004-04-28 | AP13: NO APLICA | AR13: NO APLICA | AV13: NO APLICA | AW13: DOCENTE | AX13: DOCENTE | AY13: 9 | AZ13: 9 | BA13: VICERRECTORIA ACADEMICA | BB13: VICERRECTORIA ACADEMICA | BC13: DIRECCION DE CARRERA | BD13: DIRECCION DE CARRERA | BE13: SANTIAGO | BG13: INGENIERIA EN CIBERSEGURIDAD | BH13: INGENIERIA EN CIBERSEGURIDAD | BI13: 6 | BJ13: 6 | BK13: SANTIAGO | BL13: SANTIAGO | BM13: 0 | BO13: 0 | BQ13: 6 | BR13: 6 | BS13: NO APLICA | BT13: NO APLICA | BU13: 5 | BV13: 5 | BW13: 1 | BX13: 1
... A19: CARGADO_PES | B19: 13191365 | C19: 6 | D19: ERICES GARCIA CAROLINA MARCELA | H19: Sin accion requerida. | I19: R | J19: R | K19: 13191365 | L19: 13191365 | M19: 6 | N19: 6 | O19: ERICES | P19: ERICES | Q19: GARCIA | R19: GARCIA | S19: CAROLINA MARCELA | T19: CAROLINA MARCELA | U19: M | V19: M | W19: 11-10-1977 | X19: 1977-10-11 | Y19: 38 | Z19: 38 | AA19: 2 | AB19: 2 | AC19: MAGISTER EN GESTIOIN EMPRESARIAL | AD19: MAGISTER EN GESTIÓIN EMPRESARIAL | AE19: UNOIVERSIDAD TECNICA FEDERICO SANTA MARIA | AF19: UNOIVERSIDAD TÉCNICA FEDERICO SANTA MARÍA | AG19: 38 | AH19: 38 | AI19: 21-12-2024 | AJ19: 2024-12-21 | AP19: NO APLICA | AR19: NO APLICA | AV19: NO APLICA | AW19: DOCENTE | AX19: DOCENTE | AY19: 9 | AZ19: 9 | BA19: VICERRECTORIA ACADEMICA | BB19: VICERRECTORIA ACADEMICA | BC19: DIRECCION DE CARRERA | BD19: DIRECCION DE CARRERA | BE19: SANTIAGO | BG19: INGENIERIA EN MARKETING DIGITAL | BH19: INGENIERIA EN MARKETING DIGITAL | BI19: 6 | BJ19: 6 | BK19: SANTIAGO | BL19: SANTIAGO | BM19: 0 | BO19: 0 | BQ19: 18 | BR19: 18 | BS19: NO APLICA | BT19: NO APLICA | BU19: 5 | BV19: 5 | BW19: 1 | BX19: 1
A20: NO_CARGADO_PENDIENTE | B20: 13255405 | C20: 6 | D20: SEVERINO DIAZ SINDY ARACELY | E20: La fecha de obtencion del titulo/grado es posterior al corte permitido y requiere confirmacion. | F20: FECHA_OBT_TIT_O_GRADO | G20: FECHA_OBT_TIT_O_GRADO=2027-11-29 | H20: Validar respaldo de la fecha y autorizar correccion controlada antes de carga complementaria. | J20: R | L20: 13255405 | N20: 6 | P20: SEVERINO | R20: DIAZ | T20: SINDY ARACELY | V20: M | X20: 1977-04-14 | Z20: 38 | AB20: 3 | AD20: PROFESORA DE FÍSICA Y MATEMÁTICAS | AF20: UNIVERSIDAD MAYOR | AH20: 38 | AJ20: 2027-11-29 | AP20: NO APLICA | AR20: NO APLICA | AV20: NO APLICA | AX20: DOCENTE | AZ20: 9 | BB20: VICERRECTORIA ACADEMICA | BD20: DIRECCION DE CARRERA | BH20: INGENIERIA INDUSTRIAL | BJ20: 12 | BL20: SANTIAGO | BR20: 12 | BT20: NO APLICA | BV20: 5 | BX20: 1
A21: CARGADO_PES | B21: 13297154 | C21: 4 | D21: MONTENEGRO FERNÁNDEZ YASNA SOLEDAD | H21: Sin accion requerida. | I21: R | J21: R | K21: 13297154 | L21: 13297154 | M21: 4 | N21: 4 | O21: MONTENEGRO | P21: MONTENEGRO | Q21: FERNANDEZ | R21: FERNÁNDEZ | S21: YASNA SOLEDAD | T21: YASNA SOLEDAD | U21: M | V21: M | W21: 08-09-1977 | X21: 1977-09-08 | Y21: 38 | Z21: 38 | AA21: 4 | AB21: 4 | AC21: LICENCIADO EN EDUCACION | AD21: LICENCIADO EN EDUCACIÓN | AE21: UNIVERSIDAD MAYOR | AF21: UNIVERSIDAD MAYOR | AG21: 38 | AH21: 38 | AI21: 19-06-2024 | AJ21: 2024-06-19 | AP21: NO APLICA | AR21: NO APLICA | AV21: NO APLICA | AW21: DOCENTE | AX21: DOCENTE | AY21: 9 | AZ21: 9 | BA21: VICERRECTORIA ACADEMICA | BB21: VICERRECTORIA ACADEMICA | BC21: DIRECCION DE CARRERA | BD21: DIRECCION DE CARRERA | BE21: SANTIAGO | BG21: INGENIERIA EN ADMINISTRACION | BH21: INGENIERIA EN ADMINISTRACION | BI21: 12 | BJ21: 12 | BK21: SANTIAGO | BL21: SANTIAGO | BM21: 0 | BO21: 0 | BQ21: 15 | BR21: 15 | BS21: NO APLICA | BT21: NO APLICA | BU21: 5 | BV21: 5 | BW21: 1 | BX21: 1
A22: CARGADO_PES | B22: 13367508 | C22: 6 | D22: ARAVENA CASTILLO VLADIMIR | H22: Sin accion requerida. | I22: R | J22: R | K22: 13367508 | L22: 13367508 | M22: 6 | N22: 6 | O22: ARAVENA | P22: ARAVENA | Q22: CASTILLO | R22: CASTILLO | S22: VLADIMIR | T22: VLADIMIR | U22: H | V22: H | W22: 21-09-1978 | X22: 1978-09-21 | Y22: 38 | Z22: 38 | AA22: 3 | AB22: 3 | AC22: INGENIERO DE EJECUCION EN ADMINISTRACION DE EMPRESAS | AD22: INGENIERO DE EJECUCIÓN EN ADMINISTRACIÓN DE EMPRESAS | AE22: UNIVERSIDAD DE LOS LAGOS | AF22: UNIVERSIDAD DE LOS LAGOS | AG22: 38 | AH22: 38 | AI22: 10-01-2012 | AJ22: 2012-01-10 | AP22: NO APLICA | AR22: NO APLICA | AV22: NO APLICA | AW22: DOCENTE | AX22: DOCENTE | AY22: 9 | AZ22: 9 | BA22: VICERRECTORIA ACADEMICA | BB22: VICERRECTORIA ACADEMICA | BC22: DIRECCION DE CARRERA | BD22: DIRECCION DE CARRERA | BE22: SANTIAGO | BG22: INGENIERIA EN INFORMATICA | BH22: INGENIERIA EN INFORMATICA | BI22: 19 | BJ22: 19 | BK22: SANTIAGO | BL22: SANTIAGO | BM22: 0 | BO22: 0 | BQ22: 24 | BR22: 24 | BS22: NO APLICA | BT22: NO APLICA | BU22: 5 | BV22: 5 | BW22: 1 | BX22: 1
A23: CARGADO_PES | B23: 13469992 | C23: 2 | D23: PALMA HENRIQUEZ JUAN CARLOS | H23: Sin accion requerida. | I23: R | J23: R | K23: 13469992 | L23: 13469992 | M23: 2 | N23: 2 | O23: PALMA | P23: PALMA | Q23: HENRIQUEZ | R23: HENRIQUEZ | S23: JUAN CARLOS | T23: JUAN CARLOS | U23: H | V23: H | W23: 10-11-1988 | X23: 1988-11-10 | Y23: 38 | Z23: 38 | AA23: 3 | AB23: 3 | AC23: INGENIERO FINANCIERO | AD23: INGENIERO FINANCIERO | AE23: UNIVERSIDAD DE GRANADA | AF23: UNIVERSIDAD DE GRANADA | AG23: 59 | AH23: 59 | AI23: 04-12-2023 | AJ23: 2023-12-04 | AP23: NO APLICA | AR23: NO APLICA | AV23: NO APLICA | AW23: DOCENTE | AX23: DOCENTE | AY23: 9 | AZ23: 9 | BA23: VICERRECTORIA ACADEMICA | BB23: VICERRECTORIA ACADEMICA | BC23: DIRECCION DE CARRERA | BD23: DIRECCION DE CARRERA | BE23: SANTIAGO | BG23: FORMACION GENERAL | BH23: FORMACIÓN GENERAL | BI23: 26 | BJ23: 26 | BK23: SANTIAGO | BL23: SANTIAGO | BM23: 0 | BO23: 0 | BQ23: 24 | BR23: 24 | BS23: NO APLICA | BT23: NO APLICA | BU23: 5 | BV23: 5 | BW23: 1 | BX23: 1
A24: CARGADO_PES | B24: 13527605 | C24: 7 | D24: CONTRERAS SAAVEDRA PAOLA RUTH | H24: Sin accion requerida. | I24: R | J24: R | K24: 13527605 | L24: 13527605 | M24: 7 | N24: 7 | O24: CONTRERAS | P24: CONTRERAS | Q24: SAAVEDRA | R24: SAAVEDRA | S24: PAOLA RUTH | T24: PAOLA RUTH | U24: M | V24: M | W24: 08-06-1978 | X24: 1978-06-08 | Y24: 38 | Z24: 38 | AA24: 2 | AB24: 2 | AC24: MAGISTER EN DOCENCIA PARA LA EDUCACION SUPERIOR | AD24: MAGISTER EN DOCENCIA PARA LA EDUCACIÓN SUPERIOR | AE24: UNIVERSIDAD ANDRES BELLO | AF24: UNIVERSIDAD ANDRÉS BELLO | AG24: 38 | AH24: 38 | AI24: 25-01-2023 | AJ24: 2023-01-25 | AP24: NO APLICA | AR24: NO APLICA | AV24: NO APLICA | AW24: DOCENTE | AX24: DOCENTE | AY24: 9 | AZ24: 9 | BA24: VICERRECTORIA ACADEMICA | BB24: VICERRECTORIA ACADEMICA | BC24: DIRECCION DE CARRERA | BD24: DIRECCION DE CARRERA | BE24: CONCEPCION | BG24: TECNICO EN ENFERMERIA E INSTRUMENTACION QUIRURGICA | BH24: TECNICO EN ENFERMERIA E INSTRUMENTACION QUIRURGICA | BI24: 7 | BJ24: 7 | BK24: CONCEPCION | BL24: CONCEPCIÓN | BM24: 0 | BO24: 0 | BQ24: 7 | BR24: 7 | BS24: NO APLICA | BT24: NO APLICA | BU24: 5 | BV24: 5 | BW24: 1 | BX24: 1
A25: CARGADO_PES | B25: 13666963 | C25: K | D25: SILVA DÍAZ CLAUDIA | H25: Sin accion requerida. | I25: R | J25: R | K25: 13666963 | L25: 13666963 | M25: K | N25: K | O25: SILVA | P25: SILVA | Q25: DIAZ | R25: DÍAZ | S25: CLAUDIA | T25: CLAUDIA | U25: M | V25: M | W25: 02-10-1979 | X25: 1979-10-02 | Y25: 38 | Z25: 38 | AA25: 2 | AB25: 2 | AC25: MAGISTER EN DIRECCION Y LIDERAZGO PARA LA GESTION EDUCACIONAL | AD25: MAGISTER EN DIRECCION Y LIDERAZGO PARA LA GESTION EDUCACIONAL | AE25: UNIVERSIDAD ANDRES BELLO | AF25: UNIVERSIDAD ANDRES BELLO | AG25: 38 | AH25: 38 | AI25: 16-01-2023 | AJ25: 2023-01-16 | AP25: NO APLICA | AR25: NO APLICA | AV25: NO APLICA | AW25: DOCENTE | AX25: DOCENTE | AY25: 9 | AZ25: 9 | BA25: VICERRECTORIA ACADEMICA | BB25: VICERRECTORIA ACADEMICA | BC25: DIRECCION DE CARRERA | BD25: DIRECCION DE CARRERA | BE25: SANTIAGO | BG25: FORMACION GENERAL | BH25: FORMACIÓN GENERAL | BI25: 10 | BJ25: 10 | BK25: SANTIAGO | BL25: SANTIAGO | BM25: 0 | BO25: 0 | BQ25: 8 | BR25: 8 | BS25: NO APLICA | BT25: NO APLICA | BU25: 5 | BV25: 5 | BW25: 1 | BX25: 1
A26: CARGADO_PES | B26: 13668202 | C26: 4 | D26: POZO BAEZA EDUARDO ANDRÉS | H26: Sin accion requerida. | I26: R | J26: R | K26: 13668202 | L26: 13668202 | M26: 4 | N26: 4 | O26: POZO | P26: POZO | Q26: BAEZA | R26: BAEZA | S26: EDUARDO ANDRES | T26: EDUARDO ANDRÉS | U26: H | V26: H | W26: 04-11-1978 | X26: 1978-11-04 | Y26: 38 | Z26: 38 | AA26: 2 | AB26: 2 | AC26: MAGISTER EN ADMINISTRACION Y DIRECCION DE EMPRESAS | AD26: MAGISTER EN ADMINISTRACION Y DIRECCION DE EMPRESAS | AE26: UNIVERSIDAD DE SANTIAGO DE CHILE | AF26: UNIVERSIDAD DE SANTIAGO DE CHILE | AG26: 38 | AH26: 38 | AI26: 26-10-2018 | AJ26: 2018-10-26 | AP26: NO APLICA | AR26: NO APLICA | AV26: NO APLICA | AW26: DOCENTE | AX26: DOCENTE | AY26: 9 | AZ26: 9 | BA26: VICERRECTORIA ACADEMICA | BB26: VICERRECTORIA ACADEMICA | BC26: DIRECCION DE CARRERA | BD26: DIRECCION DE CARRERA | BE26: SANTIAGO | BG26: AUDITORIA | BH26: AUDITORIA | BI26: 6 | BJ26: 6 | BK26: SANTIAGO | BL26: SANTIAGO | BM26: 0 | BO26: 0 | BQ26: 11 | BR26: 11 | BS26: NO APLICA | BT26: NO APLICA | BU26: 5 | BV26: 5 | BW26: 1 | BX26: 1
A27: CARGADO_PES | B27: 13684591 | C27: 8 | D27: RUBIO ZÚÑIGA GUILLERMO | H27: Sin accion requerida. | I27: R | J27: R | K27: 13684591 | L27: 13684591 | M27: 8 | N27: 8 | O27: RUBIO | P27: RUBIO | Q27: ZUNIGA | R27: ZÚÑIGA | S27: GUILLERMO | T27: GUILLERMO | U27: H | V27: H | W27: 29-10-1979 | X27: 1979-10-29 | Y27: 38 | Z27: 38 | AA27: 3 | AB27: 3 | AC27: INGENIERO EN CONECTIVIDAD Y REDES | AD27: INGENIERO EN CONECTIVIDAD Y REDES | AE27: INSTITUTO PROFESIONAL SAN SEBASTIAN | AF27: INSTITUTO PROFESIONAL SAN SEBASTIÁN | AG27: 38 | AH27: 38 | AI27: 29-01-2009 | AJ27: 2009-01-29 | AP27: NO APLICA | AR27: NO APLICA | AV27: NO APLICA | AW27: DOCENTE | AX27: DOCENTE | AY27: 9 | AZ27: 9 | BA27: VICERRECTORIA ACADEMICA | BB27: VICERRECTORIA ACADEMICA | BC27: DIRECCION DE CARRERA | BD27: DIRECCION DE CARRERA | BE27: SANTIAGO | BG27: INGENIERIA EN CIBERSEGURIDAD | BH27: INGENIERIA EN CIBERSEGURIDAD | BI27: 6 | BJ27: 6 | BK27: SANTIAGO | BL27: SANTIAGO | BM27: 0 | BO27: 0 | BQ27: 6 | BR27: 6 | BS27: NO APLICA | BT27: NO APLICA | BU27: 5 | BV27: 5 | BW27: 1 | BX27: 1
A28: CARGADO_PES | B28: 13772126 | C28: 0 | D28: FERNANDEZ SOTO CESAR | H28: Sin accion requerida. | I28: R | J28: R | K28: 13772126 | L28: 13772126 | M28: 0 | N28: 0 | O28: FERNANDEZ | P28: FERNANDEZ | Q28: SOTO | R28: SOTO | S28: CESAR | T28: CESAR | U28: H | V28: H | W28: 04-01-1980 | X28: 1980-01-04 | Y28: 38 | Z28: 38 | AA28: 3 | AB28: 3 | AC28: INGENIERO CIVIL EN COMPUTACION E INFORMATICA | AD28: INGENIERO CIVIL EN COMPUTACION E INFORMATICA | AE28: UNIVERSIDAD ANDRES BELLO | AF28: UNIVERSIDAD ANDRES BELLO | AG28: 38 | AH28: 38 | AI28: 21-08-2009 | AJ28: 2009-08-21 | AP28: NO APLICA | AR28: NO APLICA | AV28: NO APLICA | AW28: DOCENTE | AX28: DOCENTE | AY28: 9 | AZ28: 9 | BA28: VICERRECTORIA ACADEMICA | BB28: VICERRECTORIA ACADEMICA | BC28: DIRECCION DE CARRERA | BD28: DIRECCION DE CARRERA | BE28: SANTIAGO | BG28: FORMACION GENERAL | BH28: FORMACIÓN GENERAL | BI28: 10 | BJ28: 10 | BK28: SANTIAGO | BL28: SANTIAGO | BM28: 0 | BO28: 0 | BQ28: 13 | BR28: 13 | BS28: NO APLICA | BT28: NO APLICA | BU28: 5 | BV28: 5 | BW28: 1 | BX28: 1
A29: CARGADO_PES | B29: 13840494 | C29: 3 | D29: SALDÍVAR FARÍAS AURORA ANDREA | H29: Sin accion requerida. | I29: R | J29: R | K29: 13840494 | L29: 13840494 | M29: 3 | N29: 3 | O29: SALDIVAR | P29: SALDÍVAR | Q29: FARIAS | R29: FARÍAS | S29: AURORA ANDREA | T29: AURORA ANDREA | U29: M | V29: M | W29: 03-10-1984 | X29: 1984-10-03 | Y29: 38 | Z29: 38 | AA29: 3 | AB29: 3 | AC29: INGENIERA EN RECURSOS HUMANOS | AD29: INGENIERA EN RECURSOS HUMANOS | AE29: IPLACEX | AF29: IPLACEX | AG29: 38 | AH29: 38 | AI29: 19-04-2024 | AJ29: 2024-04-19 | AP29: NO APLICA | AR29: NO APLICA | AV29: NO APLICA | AW29: DOCENTE | AX29: DOCENTE | AY29: 9 | AZ29: 9 | BA29: VICERRECTORIA ACADEMICA | BB29: VICERRECTORIA ACADEMICA | BC29: DIRECCION DE CARRERA | BD29: DIRECCION DE CARRERA | BE29: SANTIAGO | BG29: INGENIERIA EN SEGURIDAD PRIVADA | BH29: INGENIERIA EN SEGURIDAD PRIVADA | BI29: 6 | BJ29: 6 | BK29: SANTIAGO | BL29: SANTIAGO | BM29: 0 | BO29: 0 | BQ29: 11 | BR29: 11 | BS29: NO APLICA | BT29: NO APLICA | BU29: 5 | BV29: 5 | BW29: 1 | BX29: 1
A30: CARGADO_PES | B30: 13888857 | C30: 6 | D30: RODRIGUEZ GUTIERREZ LUIS FERNANDO | H30: Sin accion requerida. | I30: R | J30: R | K30: 13888857 | L30: 13888857 | M30: 6 | N30: 6 | O30: RODRIGUEZ | P30: RODRIGUEZ | Q30: GUTIERREZ | R30: GUTIERREZ | S30: LUIS FERNANDO | T30: LUIS FERNANDO | U30: H | V30: H | W30: 13-11-1980 | X30: 1980-11-13 | Y30: 38 | Z30: 38 | AA30: 2 | AB30: 2 | AC30: MAGISTER EN EDUCACION MENCION CALIDAD | AD30: MAGISTER EN EDUCACIÓN MENCIÓN CALIDAD | AE30: UNIVERSIDAD MIGUEL DE CERVANTES | AF30: UNIVERSIDAD MIGUEL DE CERVANTES | AG30: 38 | AH30: 38 | AI30: 10-12-2018 | AJ30: 2018-12-10 | AP30: NO APLICA | AR30: NO APLICA | AV30: NO APLICA | AW30: DOCENTE | AX30: DOCENTE | AY30: 9 | AZ30: 9 | BA30: VICERRECTORIA ACADEMICA | BB30: VICERRECTORIA ACADEMICA | BC30: DIRECCION DE CARRERA | BD30: DIRECCION DE CARRERA | BE30: SANTIAGO | BG30: TECNICO EN ENFERMERIA | BH30: TECNICO EN ENFERMERIA | BI30: 12 | BJ30: 12 | BK30: SANTIAGO | BL30: SANTIAGO | BM30: 0 | BO30: 0 | BQ30: 12 | BR30: 12 | BS30: NO APLICA | BT30: NO APLICA | BU30: 5 | BV30: 5 | BW30: 1 | BX30: 1
A31: CARGADO_PES | B31: 13916058 | C31: 4 | D31: RUBÍ RUBÍ FERNANDO MANUEL | H31: Sin accion requerida. | I31: R | J31: R | K31: 13916058 | L31: 13916058 | M31: 4 | N31: 4 | O31: RUBI | P31: RUBÍ | Q31: RUBI | R31: RUBÍ | S31: FERNANDO MANUEL | T31: FERNANDO MANUEL | U31: H | V31: H | W31: 30-06-1980 | X31: 1980-06-30 | Y31: 38 | Z31: 38 | AA31: 3 | AB31: 3 | AC31: INGENIERO EN GESTION LOGISTICA | AD31: INGENIERO EN GESTIÓN LOGÍSTICA | AE31: IP ESUCOMEX | AF31: IP ESUCOMEX | AG31: 38 | AH31: 38 | AI31: 05-06-2021 | AJ31: 2021-06-05 | AP31: NO APLICA | AR31: NO APLICA | AV31: NO APLICA | AW31: DOCENTE | AX31: DOCENTE | AY31: 9 | AZ31: 9 | BA31: VICERRECTORIA ACADEMICA | BB31: VICERRECTORIA ACADEMICA | BC31: DIRECCION DE CARRERA | BD31: DIRECCION DE CARRERA | BE31: SANTIAGO | BG31: INGENIERIA EN LOGISTICA | BH31: INGENIERIA EN LOGISTICA | BI31: 19 | BJ31: 19 | BK31: SANTIAGO | BL31: SANTIAGO | BM31: 0 | BO31: 0 | BQ31: 25 | BR31: 25 | BS31: NO APLICA | BT31: NO APLICA | BU31: 5 | BV31: 5 | BW31: 1 | BX31: 1
A32: CARGADO_PES | B32: 13931726 | C32: 2 | D32: VILLARROEL CATALAN JORGE | H32: Sin accion requerida. | I32: R | J32: R | K32: 13931726 | L32: 13931726 | M32: 2 | N32: 2 | O32: VILLARROEL | P32: VILLARROEL | Q32: CATALAN | R32: CATALAN | S32: JORGE | T32: JORGE | U32: H | V32: H | W32: 30-09-1980 | X32: 1980-09-30 | Y32: 38 | Z32: 38 | AA32: 2 | AB32: 2 | AC32: MAGISTER EN DATA SCIENCE | AD32: MAGÍSTER EN DATA SCIENCE | AE32: UNIVERSIDADADOLFO IBANEZ | AF32: UNIVERSIDADADOLFO IBÁÑEZ | AG32: 38 | AH32: 38 | AI32: 22-08-2023 | AJ32: 2023-08-22 | AP32: NO APLICA | AR32: NO APLICA | AV32: NO APLICA | AW32: DOCENTE | AX32: DOCENTE | AY32: 9 | AZ32: 9 | BA32: VICERRECTORIA ACADEMICA | BB32: VICERRECTORIA ACADEMICA | BC32: DIRECCION DE CARRERA | BD32: DIRECCION DE CARRERA | BE32: SANTIAGO | BG32: INGENIERIA EN INFORMATICA | BH32: INGENIERIA EN INFORMATICA | BI32: 18 | BJ32: 18 | BK32: SANTIAGO | BL32: SANTIAGO | BM32: 0 | BO32: 0 | BQ32: 18 | BR32: 18 | BS32: NO APLICA | BT32: NO APLICA | BU32: 5 | BV32: 5 | BW32: 1 | BX32: 1
... A39: CARGADO_PES | B39: 14691289 | C39: 3 | D39: PACHECO TINEO JUANA GUADALUPE | H39: Sin accion requerida. | I39: R | J39: R | K39: 14691289 | L39: 14691289 | M39: 3 | N39: 3 | O39: PACHECO | P39: PACHECO | Q39: TINEO | R39: TINEO | S39: JUANA GUADALUPE | T39: JUANA GUADALUPE | U39: M | V39: M | W39: 10-08-1995 | X39: 1995-08-10 | Y39: 142 | Z39: 142 | AA39: 3 | AB39: 3 | AC39: MATRONA | AD39: MATRONA | AE39: UNIVERSIDAD DE CHILE | AF39: UNIVERSIDAD DE CHILE | AG39: 38 | AH39: 38 | AI39: 27-07-2023 | AJ39: 2023-07-27 | AP39: NO APLICA | AR39: NO APLICA | AV39: NO APLICA | AW39: DOCENTE | AX39: DOCENTE | AY39: 9 | AZ39: 9 | BA39: VICERRECTORIA ACADEMICA | BB39: VICERRECTORIA ACADEMICA | BC39: DIRECCION DE CARRERA | BD39: DIRECCION DE CARRERA | BE39: SANTIAGO | BG39: TECNICO EN ENFERMERIA | BH39: TECNICO EN ENFERMERIA | BI39: 16 | BJ39: 16 | BK39: SANTIAGO | BL39: SANTIAGO | BM39: 0 | BO39: 0 | BQ39: 16 | BR39: 16 | BS39: NO APLICA | BT39: NO APLICA | BU39: 5 | BV39: 5 | BW39: 1 | BX39: 1
A40: NO_CARGADO_PENDIENTE | B40: 14713937 | C40: 3 | D40: DIAZ FORONDA CARLOS ALBERTO | E40: Falta completar un codigo valido del pais donde se obtuvo el titulo o grado. | F40: PAIS_OBTENCION_TIT_O_GRADO | G40: PAIS_OBTENCION_TIT_O_GRADO=#N/A | H40: Completar dato fuente con respaldo y regenerar candidato PES/SIES. | J40: R | L40: 14713937 | N40: 3 | P40: DIAZ | R40: FORONDA | T40: CARLOS ALBERTO | V40: H | X40: 1972-08-22 | Z40: 38 | AB40: 3 | AD40: INGENIERO COMERCIAL | AF40: UNIVERSIDAD CATÓLOCA BOLIVARIANA | AH40: #N/A | AJ40: 2000-01-21 | AP40: NO APLICA | AR40: NO APLICA | AV40: NO APLICA | AX40: DOCENTE | AZ40: 9 | BB40: VICERRECTORIA ACADEMICA | BD40: DIRECCION DE CARRERA | BH40: INGENIERIA EN FINANZAS | BJ40: 6 | BL40: SANTIAGO | BR40: 14 | BT40: NO APLICA | BV40: 5 | BX40: 1
A41: CARGADO_PES | B41: 14741813 | C41: 2 | D41: NAVARRO NAVARRO DAVID | H41: Sin accion requerida. | I41: R | J41: R | K41: 14741813 | L41: 14741813 | M41: 2 | N41: 2 | O41: NAVARRO | P41: NAVARRO | Q41: NAVARRO | R41: NAVARRO | S41: DAVID | T41: DAVID | U41: H | V41: H | W41: 08-12-1982 | X41: 1982-12-08 | Y41: 38 | Z41: 38 | AA41: 3 | AB41: 3 | AC41: INGENIERO EN MARKETING | AD41: INGENIERO EN MARKETING | AE41: DUOC UC | AF41: DUOC UC | AG41: 38 | AH41: 38 | AI41: 17-01-2019 | AJ41: 2019-01-17 | AP41: NO APLICA | AR41: NO APLICA | AV41: NO APLICA | AW41: DOCENTE | AX41: DOCENTE | AY41: 9 | AZ41: 9 | BA41: VICERRECTORIA ACADEMICA | BB41: VICERRECTORIA ACADEMICA | BC41: DIRECCION DE CARRERA | BD41: DIRECCION DE CARRERA | BE41: SANTIAGO | BG41: INGENIERIA EN INFORMATICA | BH41: INGENIERIA EN INFORMATICA | BI41: 12 | BJ41: 12 | BK41: SANTIAGO | BL41: SANTIAGO | BM41: 0 | BO41: 0 | BQ41: 12 | BR41: 12 | BS41: NO APLICA | BT41: NO APLICA | BU41: 5 | BV41: 5 | BW41: 1 | BX41: 1
A42: CARGADO_PES | B42: 15062190 | C42: 9 | D42: MARTÍNEZ LÓPEZ LUIS ALEJANDRO | H42: Sin accion requerida. | I42: R | J42: R | K42: 15062190 | L42: 15062190 | M42: 9 | N42: 9 | O42: MARTINEZ | P42: MARTÍNEZ | Q42: LOPEZ | R42: LÓPEZ | S42: LUIS ALEJANDRO | T42: LUIS ALEJANDRO | U42: H | V42: H | W42: 17-12-1981 | X42: 1981-12-17 | Y42: 38 | Z42: 38 | AA42: 3 | AB42: 3 | AC42: INGENIERO COMERCIAL | AD42: INGENIERO COMERCIAL | AE42: PONTIFICIA UNIVERSIDAD CATOLICA DE VALPARAISO | AF42: PONTIFICIA UNIVERSIDAD CATOLICA DE VALPARAISO | AG42: 38 | AH42: 38 | AI42: 01-08-2008 | AJ42: 2008-08-01 | AP42: NO APLICA | AR42: NO APLICA | AV42: NO APLICA | AW42: DOCENTE | AX42: DOCENTE | AY42: 9 | AZ42: 9 | BA42: VICERRECTORIA ACADEMICA | BB42: VICERRECTORIA ACADEMICA | BC42: DIRECCION DE CARRERA | BD42: DIRECCION DE CARRERA | BE42: SANTIAGO | BG42: INGENIERIA EN ADMINISTRACION | BH42: INGENIERIA EN ADMINISTRACION | BI42: 6 | BJ42: 6 | BK42: SANTIAGO | BL42: SANTIAGO | BM42: 0 | BO42: 0 | BQ42: 12 | BR42: 12 | BS42: NO APLICA | BT42: NO APLICA | BU42: 5 | BV42: 5 | BW42: 1 | BX42: 1
A43: CARGADO_PES | B43: 15100870 | C43: 4 | D43: ZUMAETA ORTIZ ALONSO | H43: Sin accion requerida. | I43: R | J43: R | K43: 15100870 | L43: 15100870 | M43: 4 | N43: 4 | O43: ZUMAETA | P43: ZUMAETA | Q43: ORTIZ | R43: ORTIZ | S43: ALONSO | T43: ALONSO | U43: H | V43: H | W43: 05-09-1982 | X43: 1982-09-05 | Y43: 38 | Z43: 38 | AA43: 3 | AB43: 3 | AC43: CONTADOR AUDITOR | AD43: CONTADOR AUDITOR | AE43: DUOC UC | AF43: DUOC UC | AG43: 38 | AH43: 38 | AI43: 11-02-2013 | AJ43: 2013-02-11 | AP43: NO APLICA | AR43: NO APLICA | AV43: NO APLICA | AW43: DOCENTE | AX43: DOCENTE | AY43: 9 | AZ43: 9 | BA43: VICERRECTORIA ACADEMICA | BB43: VICERRECTORIA ACADEMICA | BC43: DIRECCION DE CARRERA | BD43: DIRECCION DE CARRERA | BE43: SANTIAGO | BG43: ADMINISTRACION PUBLICA | BH43: ADMINISTRACION PUBLICA | BI43: 5 | BJ43: 5 | BK43: SANTIAGO | BL43: SANTIAGO | BM43: 0 | BO43: 0 | BQ43: 17 | BR43: 17 | BS43: NO APLICA | BT43: NO APLICA | BU43: 5 | BV43: 5 | BW43: 1 | BX43: 1
A44: CARGADO_PES | B44: 15173859 | C44: 1 | D44: OJEDA MORA ANDRÉS EDUARDO | H44: Sin accion requerida. | I44: R | J44: R | K44: 15173859 | L44: 15173859 | M44: 1 | N44: 1 | O44: OJEDA | P44: OJEDA | Q44: MORA | R44: MORA | S44: ANDRES EDUARDO | T44: ANDRÉS EDUARDO | U44: H | V44: H | W44: 03-01-1983 | X44: 1983-01-03 | Y44: 38 | Z44: 38 | AA44: 2 | AB44: 2 | AC44: MAGISTER EN INGENIERIA INFORMATICA | AD44: MAGISTER EN INGENIERÍA INFORMÁTICA | AE44: UNIVERSIDAD ANDRES BELLO | AF44: UNIVERSIDAD ANDRES BELLO | AG44: 38 | AH44: 38 | AI44: 19-12-2024 | AJ44: 2024-12-19 | AP44: NO APLICA | AR44: NO APLICA | AV44: NO APLICA | AW44: DOCENTE | AX44: DOCENTE | AY44: 9 | AZ44: 9 | BA44: VICERRECTORIA ACADEMICA | BB44: VICERRECTORIA ACADEMICA | BC44: DIRECCION DE CARRERA | BD44: DIRECCION DE CARRERA | BE44: SANTIAGO | BG44: INGENIERIA EN LOGISTICA | BH44: INGENIERIA EN LOGISTICA | BI44: 23 | BJ44: 23 | BK44: SANTIAGO | BL44: SANTIAGO | BM44: 0 | BO44: 0 | BQ44: 23 | BR44: 23 | BS44: NO APLICA | BT44: NO APLICA | BU44: 5 | BV44: 5 | BW44: 1 | BX44: 1
A45: CARGADO_PES | B45: 15283505 | C45: 1 | D45: SILVA CARTES PATRICIO EDUARDO | H45: Sin accion requerida. | I45: R | J45: R | K45: 15283505 | L45: 15283505 | M45: 1 | N45: 1 | O45: SILVA | P45: SILVA | Q45: CARTES | R45: CARTES | S45: PATRICIO EDUARDO | T45: PATRICIO EDUARDO | U45: H | V45: H | W45: 12-12-1983 | X45: 1983-12-12 | Y45: 38 | Z45: 38 | AA45: 3 | AB45: 3 | AC45: INGENIERIA EN INFORMATICA | AD45: INGENIERÍA EN INFORMÁTICA | AE45: INSTITUTO PROFESIONAL CIISA | AF45: INSTITUTO PROFESIONAL CIISA | AG45: 38 | AH45: 38 | AI45: 28-06-2023 | AJ45: 2023-06-28 | AP45: NO APLICA | AR45: NO APLICA | AV45: NO APLICA | AW45: DOCENTE | AX45: DOCENTE | AY45: 9 | AZ45: 9 | BA45: VICERRECTORIA ACADEMICA | BB45: VICERRECTORIA ACADEMICA | BC45: DIRECCION DE CARRERA | BD45: DIRECCION DE CARRERA | BE45: SANTIAGO | BG45: INGENIERIA EN INFORMATICA | BH45: INGENIERIA EN INFORMATICA | BI45: 18 | BJ45: 18 | BK45: SANTIAGO | BL45: SANTIAGO | BM45: 0 | BO45: 0 | BQ45: 18 | BR45: 18 | BS45: NO APLICA | BT45: NO APLICA | BU45: 5 | BV45: 5 | BW45: 1 | BX45: 1
A46: CARGADO_PES | B46: 15373842 | C46: 4 | D46: VILLARROEL PALMA DANIEL ANGEL | H46: Sin accion requerida. | I46: R | J46: R | K46: 15373842 | L46: 15373842 | M46: 4 | N46: 4 | O46: VILLARROEL | P46: VILLARROEL | Q46: PALMA | R46: PALMA | S46: DANIEL ANGEL | T46: DANIEL ANGEL | U46: H | V46: H | W46: 10-08-1982 | X46: 1982-08-10 | Y46: 38 | Z46: 38 | AA46: 2 | AB46: 2 | AC46: MAGISTER EN DOCENCIA PARA LA EDUCACION SUPERIOR | AD46: MAGISTER EN DOCENCIA PARA LA EDUCACIÓN SUPERIOR | AE46: UNIVERDIDAD ANDRES BELLO | AF46: UNIVERDIDAD ANDRES BELLO | AG46: 38 | AH46: 38 | AI46: 14-04-2021 | AJ46: 2021-04-14 | AP46: NO APLICA | AR46: NO APLICA | AV46: NO APLICA | AW46: DOCENTE | AX46: DOCENTE | AY46: 9 | AZ46: 9 | BA46: VICERRECTORIA ACADEMICA | BB46: VICERRECTORIA ACADEMICA | BC46: DIRECCION DE CARRERA | BD46: DIRECCION DE CARRERA | BE46: SANTIAGO | BG46: INGENIERIA EN SEGURIDAD PRIVADA | BH46: INGENIERIA EN SEGURIDAD PRIVADA | BI46: 6 | BJ46: 6 | BK46: SANTIAGO | BL46: SANTIAGO | BM46: 0 | BO46: 0 | BQ46: 6 | BR46: 6 | BS46: NO APLICA | BT46: NO APLICA | BU46: 5 | BV46: 5 | BW46: 1 | BX46: 1
A47: CARGADO_PES | B47: 15386876 | C47: K | D47: CORTÉS GARRIDO CAROLINA | H47: Sin accion requerida. | I47: R | J47: R | K47: 15386876 | L47: 15386876 | M47: K | N47: K | O47: CORTES | P47: CORTÉS | Q47: GARRIDO | R47: GARRIDO | S47: CAROLINA | T47: CAROLINA | U47: M | V47: M | W47: 13-05-1980 | X47: 1980-05-13 | Y47: 38 | Z47: 38 | AA47: 3 | AB47: 3 | AC47: INGENIERA COMERCIAL | AD47: INGENIERA COMERCIAL | AE47: UNIVERSIDAD TECNOLOGICA METROPOLITANA | AF47: UNIVERSIDAD TECNOLOGICA METROPOLITANA | AG47: 38 | AH47: 38 | AI47: 21-07-2006 | AJ47: 2006-07-21 | AP47: NO APLICA | AR47: NO APLICA | AV47: NO APLICA | AW47: DOCENTE | AX47: DOCENTE | AY47: 9 | AZ47: 9 | BA47: VICERRECTORIA ACADEMICA | BB47: VICERRECTORIA ACADEMICA | BC47: DIRECCION DE CARRERA | BD47: DIRECCION DE CARRERA | BE47: CONCEPCION | BG47: FORMACION GENERAL | BH47: FORMACIÓN GENERAL | BI47: 27.5 | BJ47: 27.5 | BK47: CONCEPCION | BL47: CONCEPCIÓN | BM47: 0 | BO47: 0 | BQ47: 25 | BR47: 25 | BS47: NO APLICA | BT47: NO APLICA | BU47: 5 | BV47: 5 | BW47: 1 | BX47: 1
A48: CARGADO_PES | B48: 15402413 | C48: 1 | D48: QUINTANILLA GALLEGUILLOS CARLOS ENRIQUE | H48: Sin accion requerida. | I48: R | J48: R | K48: 15402413 | L48: 15402413 | M48: 1 | N48: 1 | O48: QUINTANILLA | P48: QUINTANILLA | Q48: GALLEGUILLOS | R48: GALLEGUILLOS | S48: CARLOS ENRIQUE | T48: CARLOS ENRIQUE | U48: H | V48: H | W48: 13-12-1982 | X48: 1982-12-13 | Y48: 38 | Z48: 38 | AA48: 3 | AB48: 3 | AC48: INGENIERO EN COMPUTACION EN INFORMATICA | AD48: INGENIERO EN COMPUTACIÓN EN INFORMÁTICA | AE48: INSTITUTO PROFESIONAL LA ARAUCANA | AF48: INSTITUTO PROFESIONAL LA ARAUCANA | AG48: 38 | AH48: 38 | AI48: 01-04-2013 | AJ48: 2013-04-01 | AP48: NO APLICA | AR48: NO APLICA | AV48: NO APLICA | AW48: DOCENTE | AX48: DOCENTE | AY48: 9 | AZ48: 9 | BA48: VICERRECTORIA ACADEMICA | BB48: VICERRECTORIA ACADEMICA | BC48: DIRECCION DE CARRERA | BD48: DIRECCION DE CARRERA | BE48: SANTIAGO | BG48: INGENIERIA EN CIBERSEGURIDAD | BH48: INGENIERIA EN CIBERSEGURIDAD | BI48: 11 | BJ48: 11 | BK48: SANTIAGO | BL48: SANTIAGO | BM48: 0 | BO48: 0 | BQ48: 11 | BR48: 11 | BS48: NO APLICA | BT48: NO APLICA | BU48: 5 | BV48: 5 | BW48: 1 | BX48: 1
A49: CARGADO_PES | B49: 15406848 | C49: 1 | D49: SALVATIERRA GÁLVEZ MARIO ENRIQUE | H49: Sin accion requerida. | I49: R | J49: R | K49: 15406848 | L49: 15406848 | M49: 1 | N49: 1 | O49: SALVATIERRA | P49: SALVATIERRA | Q49: GALVEZ | R49: GÁLVEZ | S49: MARIO ENRIQUE | T49: MARIO ENRIQUE | U49: H | V49: H | W49: 23-01-1982 | X49: 1982-01-23 | Y49: 38 | Z49: 38 | AA49: 3 | AB49: 3 | AC49: PROFESOR DE EDUCACION MEDIA EN MATEMATICA Y ESTADISTICA | AD49: PROFESOR DE EDUCACIÓN MEDIA EN MATEMÁTICA Y ESTADÍSTICA | AE49: UNIVERSIDAD ARCIS | AF49: UNIVERSIDAD ARCIS | AG49: 38 | AH49: 38 | AI49: 11-01-2010 | AJ49: 2010-01-11 | AP49: NO APLICA | AR49: NO APLICA | AV49: NO APLICA | AW49: DOCENTE | AX49: DOCENTE | AY49: 9 | AZ49: 9 | BA49: VICERRECTORIA ACADEMICA | BB49: VICERRECTORIA ACADEMICA | BC49: DIRECCION DE CARRERA | BD49: DIRECCION DE CARRERA | BE49: SANTIAGO | BG49: FORMACION GENERAL | BH49: FORMACIÓN GENERAL | BI49: 20 | BJ49: 20 | BK49: SANTIAGO | BL49: SANTIAGO | BM49: 0 | BO49: 0 | BQ49: 20 | BR49: 20 | BS49: NO APLICA | BT49: NO APLICA | BU49: 5 | BV49: 5 | BW49: 1 | BX49: 1
A50: CARGADO_PES | B50: 15426056 | C50: 0 | D50: MALDONADO YAÑEZ ABRAHAM RAÚL | H50: Sin accion requerida. | I50: R | J50: R | K50: 15426056 | L50: 15426056 | M50: 0 | N50: 0 | O50: MALDONADO | P50: MALDONADO | Q50: YANEZ | R50: YAÑEZ | S50: ABRAHAM RAUL | T50: ABRAHAM RAÚL | U50: H | V50: H | W50: 05-09-1982 | X50: 1982-09-05 | Y50: 38 | Z50: 38 | AA50: 3 | AB50: 3 | AC50: INGENIERO EN PREVENCION DE RIESGOS | AD50: INGENIERO EN PREVENCIÓN DE RIESGOS | AE50: UNIVERSIDAD BOLIVARIANA | AF50: UNIVERSIDAD BOLIVARIANA | AG50: 38 | AH50: 38 | AI50: 09-04-2016 | AJ50: 2016-04-09 | AP50: NO APLICA | AR50: NO APLICA | AV50: NO APLICA | AW50: DOCENTE | AX50: DOCENTE | AY50: 9 | AZ50: 9 | BA50: VICERRECTORIA ACADEMICA | BB50: VICERRECTORIA ACADEMICA | BC50: DIRECCION DE CARRERA | BD50: DIRECCION DE CARRERA | BE50: SANTIAGO | BG50: INGENIERIA EN LOGISTICA | BH50: INGENIERIA EN LOGISTICA | BI50: 10 | BJ50: 10 | BK50: SANTIAGO | BL50: SANTIAGO | BM50: 0 | BO50: 0 | BQ50: 10 | BR50: 10 | BS50: NO APLICA | BT50: NO APLICA | BU50: 5 | BV50: 5 | BW50: 1 | BX50: 1
A51: CARGADO_PES | B51: 15464798 | C51: 8 | D51: MARDONES MUÑOZ FERNANDO MANUEL | H51: Sin accion requerida. | I51: R | J51: R | K51: 15464798 | L51: 15464798 | M51: 8 | N51: 8 | O51: MARDONES | P51: MARDONES | Q51: MUNOZ | R51: MUÑOZ | S51: FERNANDO MANUEL | T51: FERNANDO MANUEL | U51: H | V51: H | W51: 16-12-1981 | X51: 1981-12-16 | Y51: 38 | Z51: 38 | AA51: 3 | AB51: 3 | AC51: ADMINISTRADOR PUBLICO | AD51: ADMINISTRADOR PUBLICO | AE51: UNIVERSIDAD ACADEMIA DE HUMANISMO CRISTIANO | AF51: UNIVERSIDAD ACADEMIA DE HUMANISMO CRISTIANO | AG51: 38 | AH51: 38 | AI51: 02-06-2005 | AJ51: 2005-06-02 | AP51: NO APLICA | AR51: NO APLICA | AV51: NO APLICA | AW51: DOCENTE | AX51: DOCENTE | AY51: 9 | AZ51: 9 | BA51: VICERRECTORIA ACADEMICA | BB51: VICERRECTORIA ACADEMICA | BC51: DIRECCION DE CARRERA | BD51: DIRECCION DE CARRERA | BE51: SANTIAGO | BG51: ADMINISTRACION PUBLICA | BH51: ADMINISTRACION PUBLICA | BI51: 8 | BJ51: 8 | BK51: SANTIAGO | BL51: SANTIAGO | BM51: 0 | BO51: 0 | BQ51: 10.5 | BR51: 10.5 | BS51: NO APLICA | BT51: NO APLICA | BU51: 5 | BV51: 5 | BW51: 1 | BX51: 1
A52: CARGADO_PES | B52: 15510668 | C52: 9 | D52: CAMPOS ORELLANA MARIA JOSE | H52: Sin accion requerida. | I52: R | J52: R | K52: 15510668 | L52: 15510668 | M52: 9 | N52: 9 | O52: CAMPOS | P52: CAMPOS | Q52: ORELLANA | R52: ORELLANA | S52: MARIA JOSE | T52: MARIA JOSE | U52: M | V52: M | W52: 17-02-1983 | X52: 1983-02-17 | Y52: 38 | Z52: 38 | AA52: 3 | AB52: 3 | AC52: INGENIERO CIVIL INDUSTRIAL | AD52: INGENIERO CIVIL INDUSTRIAL | AE52: UNIVERSIDAD TECNILOGICA METROPOLITANA | AF52: UNIVERSIDAD TECNILÓGICA METROPOLITANA | AG52: 38 | AH52: 38 | AI52: 03-06-2014 | AJ52: 2014-06-03 | AP52: NO APLICA | AR52: NO APLICA | AV52: NO APLICA | AW52: DOCENTE | AX52: DOCENTE | AY52: 9 | AZ52: 9 | BA52: VICERRECTORIA ACADEMICA | BB52: VICERRECTORIA ACADEMICA | BC52: DIRECCION DE CARRERA | BD52: DIRECCION DE CARRERA | BE52: SANTIAGO | BG52: INGENIERIA EN LOGISTICA | BH52: INGENIERIA EN LOGISTICA | BI52: 6 | BJ52: 6 | BK52: SANTIAGO | BL52: SANTIAGO | BM52: 0 | BO52: 0 | BQ52: 6 | BR52: 6 | BS52: NO APLICA | BT52: NO APLICA | BU52: 5 | BV52: 5 | BW52: 1 | BX52: 1
... A60: CARGADO_PES | B60: 16138166 | C60: 7 | D60: HERNÁNDEZ LLANOS ROXANA INÉS | H60: Sin accion requerida. | I60: R | J60: R | K60: 16138166 | L60: 16138166 | M60: 7 | N60: 7 | O60: HERNANDEZ | P60: HERNÁNDEZ | Q60: LLANOS | R60: LLANOS | S60: ROXANA INES | T60: ROXANA INÉS | U60: M | V60: M | W60: 01-03-1988 | X60: 1988-03-01 | Y60: 38 | Z60: 38 | AA60: 2 | AB60: 2 | AC60: MAGISTER EN DIRECCION Y GESTION ESTRATEGICA EN SALUD | AD60: MAGÍSTER EN DIRECCIÓN Y GESTIÓN ESTRATÉGICA EN SALUD | AE60: UNIVERSIDAD SAN SEBASTIAN | AF60: UNIVERSIDAD SAN SEBASTIÁN | AG60: 38 | AH60: 38 | AI60: 21-10-2024 | AJ60: 2024-10-21 | AP60: NO APLICA | AR60: NO APLICA | AV60: NO APLICA | AW60: DOCENTE | AX60: DOCENTE | AY60: 9 | AZ60: 9 | BA60: VICERRECTORIA ACADEMICA | BB60: VICERRECTORIA ACADEMICA | BC60: DIRECCION DE CARRERA | BD60: DIRECCION DE CARRERA | BE60: CONCEPCION | BG60: TECNICO EN ENFERMERIA | BH60: TECNICO EN ENFERMERIA | BI60: 4 | BJ60: 4 | BK60: CONCEPCION | BL60: CONCEPCIÓN | BM60: 0 | BO60: 0 | BQ60: 8 | BR60: 8 | BS60: NO APLICA | BT60: NO APLICA | BU60: 5 | BV60: 5 | BW60: 1 | BX60: 1
A61: NO_CARGADO_PENDIENTE | B61: 16172984 | C61: 1 | D61: PONCE ROSALES DANIEL ANDRÉS | E61: Falta completar una fecha valida de obtencion del titulo o grado. | F61: FECHA_OBT_TIT_O_GRADO | G61: FECHA_OBT_TIT_O_GRADO=#N/A | H61: Completar dato fuente con respaldo y regenerar candidato PES/SIES. | J61: R | L61: 16172984 | N61: 1 | P61: PONCE | R61: ROSALES | T61: DANIEL ANDRÉS | V61: H | X61: 1985-08-25 | Z61: 38 | AB61: 3 | AD61: QUIMICO FARMACEUTICO | AF61: UNIVERSIDAD DE CHILE | AH61: 38 | AJ61: #N/A | AP61: NO APLICA | AR61: NO APLICA | AV61: NO APLICA | AX61: DOCENTE | AZ61: 9 | BB61: VICERRECTORIA ACADEMICA | BD61: DIRECCION DE CARRERA | BH61: TECNICO EN FARMACIA | BJ61: 4 | BL61: SANTIAGO | BR61: 4 | BT61: NO APLICA | BV61: 5 | BX61: 1
A62: CARGADO_PES | B62: 16211814 | C62: 5 | D62: FRANCAVILA DIAZ TAMARA ANDREA | H62: Sin accion requerida. | I62: R | J62: R | K62: 16211814 | L62: 16211814 | M62: 5 | N62: 5 | O62: FRANCAVILA | P62: FRANCAVILA | Q62: DIAZ | R62: DIAZ | S62: TAMARA ANDREA | T62: TAMARA ANDREA | U62: M | V62: M | W62: 25-09-1986 | X62: 1986-09-25 | Y62: 38 | Z62: 38 | AA62: 3 | AB62: 3 | AC62: DISENADORA | AD62: DISEÑADORA | AE62: UNIVERSIDAD FINIS TERRAE | AF62: UNIVERSIDAD FINIS TERRAE | AG62: 38 | AH62: 38 | AI62: 04-04-2013 | AJ62: 2013-04-04 | AP62: NO APLICA | AR62: NO APLICA | AV62: NO APLICA | AW62: DOCENTE | AX62: DOCENTE | AY62: 9 | AZ62: 9 | BA62: VICERRECTORIA ACADEMICA | BB62: VICERRECTORIA ACADEMICA | BC62: DIRECCION DE CARRERA | BD62: DIRECCION DE CARRERA | BE62: SANTIAGO | BG62: INGENIERIA EN MARKETING DIGITAL | BH62: INGENIERIA EN MARKETING DIGITAL | BI62: 6 | BJ62: 6 | BK62: SANTIAGO | BL62: SANTIAGO | BM62: 0 | BO62: 0 | BQ62: 6 | BR62: 6 | BS62: NO APLICA | BT62: NO APLICA | BU62: 5 | BV62: 5 | BW62: 1 | BX62: 1
A63: CARGADO_PES | B63: 16233827 | C63: 7 | D63: ABARCA JORQUERA JONATHAN CRISTIAN | H63: Sin accion requerida. | I63: R | J63: R | K63: 16233827 | L63: 16233827 | M63: 7 | N63: 7 | O63: ABARCA | P63: ABARCA | Q63: JORQUERA | R63: JORQUERA | S63: JONATHAN CRISTIAN | T63: JONATHAN CRISTIAN | U63: H | V63: H | W63: 01-03-1986 | X63: 1986-03-01 | Y63: 38 | Z63: 38 | AA63: 2 | AB63: 2 | AC63: MAGISTER EN DIRECCION DE EMPRESAS MBA | AD63: MAGISTER EN DIRECCION DE EMPRESAS MBA | AE63: UNIVERSIDAD MAYOR | AF63: UNIVERSIDAD MAYOR | AG63: 38 | AH63: 38 | AI63: 02-12-2022 | AJ63: 2022-12-02 | AP63: NO APLICA | AR63: NO APLICA | AV63: NO APLICA | AW63: DOCENTE | AX63: DOCENTE | AY63: 9 | AZ63: 9 | BA63: VICERRECTORIA ACADEMICA | BB63: VICERRECTORIA ACADEMICA | BC63: DIRECCION DE CARRERA | BD63: DIRECCION DE CARRERA | BE63: SANTIAGO | BG63: AUDITORIA | BH63: AUDITORIA | BI63: 6 | BJ63: 6 | BK63: SANTIAGO | BL63: SANTIAGO | BM63: 0 | BO63: 0 | BQ63: 12 | BR63: 12 | BS63: NO APLICA | BT63: NO APLICA | BU63: 5 | BV63: 5 | BW63: 1 | BX63: 1
A64: CARGADO_PES | B64: 16235771 | C64: 9 | D64: VIDELA MENDOZA STHEPHANIA ANDREA | H64: Sin accion requerida. | I64: R | J64: R | K64: 16235771 | L64: 16235771 | M64: 9 | N64: 9 | O64: VIDELA | P64: VIDELA | Q64: MENDOZA | R64: MENDOZA | S64: STHEPHANIA ANDREA | T64: STHEPHANIA ANDREA | U64: M | V64: M | W64: 25-06-1985 | X64: 1985-06-25 | Y64: 38 | Z64: 38 | AA64: 3 | AB64: 3 | AC64: INGENIERA EN INFORMATICA | AD64: INGENIERA EN INFORMÁTICA | AE64: INSTITUTO PROFESIONALSAN SEBASTIAN | AF64: INSTITUTO PROFESIONALSAN SEBASTIÁN | AG64: 38 | AH64: 38 | AI64: 03-11-2025 | AJ64: 2025-11-03 | AP64: NO APLICA | AR64: NO APLICA | AV64: NO APLICA | AW64: DOCENTE | AX64: DOCENTE | AY64: 9 | AZ64: 9 | BA64: VICERRECTORIA ACADEMICA | BB64: VICERRECTORIA ACADEMICA | BC64: DIRECCION DE CARRERA | BD64: DIRECCION DE CARRERA | BE64: SANTIAGO | BG64: TECNICO EN PROGRAMACION | BH64: TECNICO EN PROGRAMACION | BI64: 20 | BJ64: 20 | BK64: SANTIAGO | BL64: SANTIAGO | BM64: 0 | BO64: 0 | BQ64: 20 | BR64: 20 | BS64: NO APLICA | BT64: NO APLICA | BU64: 5 | BV64: 5 | BW64: 1 | BX64: 1
A65: CARGADO_PES | B65: 16282020 | C65: 6 | D65: CASTILLO CARDENAS LIONEL | H65: Sin accion requerida. | I65: R | J65: R | K65: 16282020 | L65: 16282020 | M65: 6 | N65: 6 | O65: CASTILLO | P65: CASTILLO | Q65: CARDENAS | R65: CARDENAS | S65: LIONEL | T65: LIONEL | U65: H | V65: H | W65: 12-08-1986 | X65: 1986-08-12 | Y65: 38 | Z65: 38 | AA65: 5 | AB65: 5 | AC65: TECNICO EN TELEMATICA | AD65: TECNICO EN TELEMATICA | AE65: INSTITUTO PROFESIONAL CIISA | AF65: INSTITUTO PROFESIONAL CIISA | AG65: 38 | AH65: 38 | AI65: 15-07-2014 | AJ65: 2014-07-15 | AP65: NO APLICA | AR65: NO APLICA | AV65: NO APLICA | AW65: DOCENTE | AX65: DOCENTE | AY65: 9 | AZ65: 9 | BA65: VICERRECTORIA ACADEMICA | BB65: VICERRECTORIA ACADEMICA | BC65: DIRECCION DE CARRERA | BD65: DIRECCION DE CARRERA | BE65: SANTIAGO | BG65: INGENIERIA EN CONECTIVIDAD Y REDES | BH65: INGENIERIA EN CONECTIVIDAD Y REDES | BI65: 9 | BJ65: 9 | BK65: SANTIAGO | BL65: SANTIAGO | BM65: 0 | BO65: 0 | BQ65: 18 | BR65: 18 | BS65: NO APLICA | BT65: NO APLICA | BU65: 5 | BV65: 5 | BW65: 1 | BX65: 1
A66: CARGADO_PES | B66: 16291119 | C66: 8 | D66: HERNÁNDEZ CATALÁN RICARDO ANDRÉS | H66: Sin accion requerida. | I66: R | J66: R | K66: 16291119 | L66: 16291119 | M66: 8 | N66: 8 | O66: HERNANDEZ | P66: HERNÁNDEZ | Q66: CATALAN | R66: CATALÁN | S66: RICARDO ANDRES | T66: RICARDO ANDRÉS | U66: H | V66: H | W66: 12-12-1985 | X66: 1985-12-12 | Y66: 38 | Z66: 38 | AA66: 5 | AB66: 5 | AC66: ADMINISTRADOR DE REDE COMPUTACIONALES | AD66: ADMINISTRADOR DE REDE COMPUTACIONALES | AE66: DUOC UC | AF66: DUOC UC | AG66: 38 | AH66: 38 | AI66: 14-11-2011 | AJ66: 2011-11-14 | AP66: NO APLICA | AR66: NO APLICA | AV66: NO APLICA | AW66: DOCENTE | AX66: DOCENTE | AY66: 9 | AZ66: 9 | BA66: VICERRECTORIA ACADEMICA | BB66: VICERRECTORIA ACADEMICA | BC66: DIRECCION DE CARRERA | BD66: DIRECCION DE CARRERA | BE66: SANTIAGO | BG66: INGENIERIA EN CONECTIVIDAD Y REDES | BH66: INGENIERIA EN CONECTIVIDAD Y REDES | BI66: 9 | BJ66: 9 | BK66: SANTIAGO | BL66: SANTIAGO | BM66: 0 | BO66: 0 | BQ66: 9 | BR66: 9 | BS66: NO APLICA | BT66: NO APLICA | BU66: 5 | BV66: 5 | BW66: 1 | BX66: 1
A67: CARGADO_PES | B67: 16301161 | C67: 1 | D67: CACERES SOLIS DIEGO | H67: Sin accion requerida. | I67: R | J67: R | K67: 16301161 | L67: 16301161 | M67: 1 | N67: 1 | O67: CACERES | P67: CACERES | Q67: SOLIS | R67: SOLIS | S67: DIEGO | T67: DIEGO | U67: H | V67: H | W67: 04-03-1986 | X67: 1986-03-04 | Y67: 38 | Z67: 38 | AA67: 3 | AB67: 3 | AC67: INGENIERO DE EJECUCION EN SISTEMAS COMPUTACIONALES | AD67: INGENIERO DE EJECUCIÓN EN SISTEMAS COMPUTACIONALES | AE67: UNIVERSIDAD TECNICA FEDERICO SANTA MARIA | AF67: UNIVERSIDAD TECNICA FEDERICO SANTA MARIA | AG67: 38 | AH67: 38 | AI67: 29-02-2012 | AJ67: 2012-02-29 | AP67: NO APLICA | AR67: NO APLICA | AV67: NO APLICA | AW67: DOCENTE | AX67: DOCENTE | AY67: 9 | AZ67: 9 | BA67: VICERRECTORIA ACADEMICA | BB67: VICERRECTORIA ACADEMICA | BC67: DIRECCION DE CARRERA | BD67: DIRECCION DE CARRERA | BE67: SANTIAGO | BG67: INGENIERIA EN CIBERSEGURIDAD | BH67: INGENIERIA EN CIBERSEGURIDAD | BI67: 13 | BJ67: 13 | BK67: SANTIAGO | BL67: SANTIAGO | BM67: 0 | BO67: 0 | BQ67: 21 | BR67: 21 | BS67: NO APLICA | BT67: NO APLICA | BU67: 5 | BV67: 5 | BW67: 1 | BX67: 1
A68: CARGADO_PES | B68: 16371686 | C68: 0 | D68: CORREA SUÁREZ DAFNE | H68: Sin accion requerida. | I68: R | J68: R | K68: 16371686 | L68: 16371686 | M68: 0 | N68: 0 | O68: CORREA | P68: CORREA | Q68: SUAREZ | R68: SUÁREZ | S68: DAFNE | T68: DAFNE | U68: M | V68: M | W68: 12-09-1989 | X68: 1989-09-12 | Y68: 38 | Z68: 38 | AA68: 3 | AB68: 3 | AC68: PERIODISTA | AD68: PERIODISTA | AE68: UNIVERSIDAD DE SANTIAGO DE CHILE | AF68: UNIVERSIDAD DE SANTIAGO DE CHILE | AG68: 38 | AH68: 38 | AI68: 24-05-2012 | AJ68: 2012-05-24 | AP68: NO APLICA | AR68: NO APLICA | AV68: NO APLICA | AW68: DOCENTE | AX68: DOCENTE | AY68: 9 | AZ68: 9 | BA68: VICERRECTORIA ACADEMICA | BB68: VICERRECTORIA ACADEMICA | BC68: DIRECCION DE CARRERA | BD68: DIRECCION DE CARRERA | BE68: SANTIAGO | BG68: INGENIERIA EN MARKETING DIGITAL | BH68: INGENIERIA EN MARKETING DIGITAL | BI68: 6 | BJ68: 6 | BK68: SANTIAGO | BL68: SANTIAGO | BM68: 0 | BO68: 0 | BQ68: 6 | BR68: 6 | BS68: NO APLICA | BT68: NO APLICA | BU68: 5 | BV68: 5 | BW68: 1 | BX68: 1
A69: CARGADO_PES | B69: 16377162 | C69: 4 | D69: VERGARA MELLADO MIGUEL ANTONIO | H69: Sin accion requerida. | I69: R | J69: R | K69: 16377162 | L69: 16377162 | M69: 4 | N69: 4 | O69: VERGARA | P69: VERGARA | Q69: MELLADO | R69: MELLADO | S69: MIGUEL ANTONIO | T69: MIGUEL ANTONIO | U69: H | V69: H | W69: 06-01-1987 | X69: 1987-01-06 | Y69: 38 | Z69: 38 | AA69: 3 | AB69: 3 | AC69: ABOGADO | AD69: ABOGADO | AE69: CORTE SUPREMA | AF69: CORTE SUPREMA | AG69: 38 | AH69: 38 | AI69: 21-02-2025 | AJ69: 2025-02-21 | AP69: NO APLICA | AR69: NO APLICA | AV69: NO APLICA | AW69: DOCENTE | AX69: DOCENTE | AY69: 9 | AZ69: 9 | BA69: VICERRECTORIA ACADEMICA | BB69: VICERRECTORIA ACADEMICA | BC69: DIRECCION DE CARRERA | BD69: DIRECCION DE CARRERA | BE69: SANTIAGO | BG69: ADMINISTRACION PUBLICA | BH69: ADMINISTRACION PUBLICA | BI69: 10 | BJ69: 10 | BK69: SANTIAGO | BL69: SANTIAGO | BM69: 0 | BO69: 0 | BQ69: 17 | BR69: 17 | BS69: NO APLICA | BT69: NO APLICA | BU69: 5 | BV69: 5 | BW69: 1 | BX69: 1
A70: CARGADO_PES | B70: 16409472 | C70: 3 | D70: ARIAS SILVA CRISTÓBAL ALEJANDRO | H70: Sin accion requerida. | I70: R | J70: R | K70: 16409472 | L70: 16409472 | M70: 3 | N70: 3 | O70: ARIAS | P70: ARIAS | Q70: SILVA | R70: SILVA | S70: CRISTOBAL ALEJANDRO | T70: CRISTÓBAL ALEJANDRO | U70: H | V70: H | W70: 24-08-1986 | X70: 1986-08-24 | Y70: 38 | Z70: 38 | AA70: 3 | AB70: 3 | AC70: ABOGADO | AD70: ABOGADO | AE70: PODER JUDICIAL | AF70: PODER JUDICIAL | AG70: 38 | AH70: 38 | AI70: 07-01-2022 | AJ70: 2022-01-07 | AP70: NO APLICA | AR70: NO APLICA | AV70: NO APLICA | AW70: DOCENTE | AX70: DOCENTE | AY70: 9 | AZ70: 9 | BA70: VICERRECTORIA ACADEMICA | BB70: VICERRECTORIA ACADEMICA | BC70: DIRECCION DE CARRERA | BD70: DIRECCION DE CARRERA | BE70: SANTIAGO | BG70: INGENIERIA EN ADMINISTRACION | BH70: INGENIERIA EN ADMINISTRACION | BI70: 2.5 | BJ70: 2.5 | BK70: SANTIAGO | BL70: SANTIAGO | BM70: 0 | BO70: 0 | BQ70: 8.5 | BR70: 8.5 | BS70: NO APLICA | BT70: NO APLICA | BU70: 5 | BV70: 5 | BW70: 1 | BX70: 1
A71: CARGADO_PES | B71: 16425501 | C71: 8 | D71: BILBAO BARRENECHEA IVÁN | H71: Sin accion requerida. | I71: R | J71: R | K71: 16425501 | L71: 16425501 | M71: 8 | N71: 8 | O71: BILBAO | P71: BILBAO | Q71: BARRENECHEA | R71: BARRENECHEA | S71: IVAN | T71: IVÁN | U71: H | V71: H | W71: 02-03-1985 | X71: 1985-03-02 | Y71: 38 | Z71: 38 | AA71: 3 | AB71: 3 | AC71: INGENIERO EN INFORMATICA | AD71: INGENIERO EN INFORMÁTICA | AE71: INSTITUTO PROFESIONAL CIISA | AF71: INSTITUTO PROFESIONAL CIISA | AG71: 38 | AH71: 38 | AI71: 07-09-2015 | AJ71: 2015-09-07 | AP71: NO APLICA | AR71: NO APLICA | AV71: NO APLICA | AW71: DOCENTE | AX71: DOCENTE | AY71: 9 | AZ71: 9 | BA71: VICERRECTORIA ACADEMICA | BB71: VICERRECTORIA ACADEMICA | BC71: DIRECCION DE CARRERA | BD71: DIRECCION DE CARRERA | BE71: SANTIAGO | BG71: INGENIERIA EN INFORMATICA | BH71: INGENIERIA EN INFORMATICA | BI71: 6 | BJ71: 6 | BK71: SANTIAGO | BL71: SANTIAGO | BM71: 0 | BO71: 0 | BQ71: 12 | BR71: 12 | BS71: NO APLICA | BT71: NO APLICA | BU71: 5 | BV71: 5 | BW71: 1 | BX71: 1
A72: CARGADO_PES | B72: 16479763 | C72: 5 | D72: SILVA RETAMAL JUAN | H72: Sin accion requerida. | I72: R | J72: R | K72: 16479763 | L72: 16479763 | M72: 5 | N72: 5 | O72: SILVA | P72: SILVA | Q72: RETAMAL | R72: RETAMAL | S72: JUAN | T72: JUAN | U72: H | V72: H | W72: 04-06-1987 | X72: 1987-06-04 | Y72: 38 | Z72: 38 | AA72: 5 | AB72: 5 | AC72: TECNICO EN CONECTIVIDAD Y REDES | AD72: TECNICO EN CONECTIVIDAD Y REDES | AE72: UNIVERSIDAD DE SANTIAGO | AF72: UNIVERSIDAD DE SANTIAGO | AG72: 38 | AH72: 38 | AI72: 28-09-2018 | AJ72: 2018-09-28 | AP72: NO APLICA | AR72: NO APLICA | AV72: NO APLICA | AW72: DOCENTE | AX72: DOCENTE | AY72: 9 | AZ72: 9 | BA72: VICERRECTORIA ACADEMICA | BB72: VICERRECTORIA ACADEMICA | BC72: DIRECCION DE CARRERA | BD72: DIRECCION DE CARRERA | BE72: SANTIAGO | BG72: INGENIERIA EN CONECTIVIDAD Y REDES | BH72: INGENIERIA EN CONECTIVIDAD Y REDES | BI72: 12 | BJ72: 12 | BK72: SANTIAGO | BL72: SANTIAGO | BM72: 0 | BO72: 0 | BQ72: 13.08 | BR72: 13.083333333333334 | BS72: NO APLICA | BT72: NO APLICA | BU72: 5 | BV72: 5 | BW72: 1 | BX72: 1
A73: CARGADO_PES | B73: 16586602 | C73: 9 | D73: URIBE LANDA CAMILO | H73: Sin accion requerida. | I73: R | J73: R | K73: 16586602 | L73: 16586602 | M73: 9 | N73: 9 | O73: URIBE | P73: URIBE | Q73: LANDA | R73: LANDA | S73: CAMILO | T73: CAMILO | U73: H | V73: H | W73: 28-10-1987 | X73: 1987-10-28 | Y73: 38 | Z73: 38 | AA73: 3 | AB73: 3 | AC73: INGENIERO EN CIBERSEGURIDAD | AD73: INGENIERO EN CIBERSEGURIDAD | AE73: UNIVERSIDAD SEK | AF73: UNIVERSIDAD SEK | AG73: 38 | AH73: 38 | AI73: 25-08-2023 | AJ73: 2023-08-25 | AP73: NO APLICA | AR73: NO APLICA | AV73: NO APLICA | AW73: DOCENTE | AX73: DOCENTE | AY73: 9 | AZ73: 9 | BA73: VICERRECTORIA ACADEMICA | BB73: VICERRECTORIA ACADEMICA | BC73: DIRECCION DE CARRERA | BD73: DIRECCION DE CARRERA | BE73: SANTIAGO | BG73: INGENIERIA EN CIBERSEGURIDAD | BH73: INGENIERIA EN CIBERSEGURIDAD | BI73: 12 | BJ73: 12 | BK73: SANTIAGO | BL73: SANTIAGO | BM73: 0 | BO73: 0 | BQ73: 22 | BR73: 22 | BS73: NO APLICA | BT73: NO APLICA | BU73: 5 | BV73: 5 | BW73: 1 | BX73: 1
... A95: CARGADO_PES | B95: 17042533 | C95: 2 | D95: CASTILLO LABRIN CAMILA LOURDES | H95: Sin accion requerida. | I95: R | J95: R | K95: 17042533 | L95: 17042533 | M95: 2 | N95: 2 | O95: CASTILLO | P95: CASTILLO | Q95: LABRIN | R95: LABRIN | S95: CAMILA LOURDES | T95: CAMILA LOURDES | U95: M | V95: M | W95: 28-07-1988 | X95: 1988-07-28 | Y95: 38 | Z95: 38 | AA95: 2 | AB95: 2 | AC95: MAGISTER EN EDUCACION UNIVERSITARIA PARA CIENCIAS DE LA SALUD | AD95: MAGÍSTER EN EDUCACIÓN UNIVERSITARIA PARA CIENCIAS DE LA SALUD | AE95: UNIVERSIDAD SAN SEBASTIAN | AF95: UNIVERSIDAD SAN SEBASTIÁN | AG95: 38 | AH95: 38 | AI95: 19-12-2024 | AJ95: 2024-12-19 | AP95: NO APLICA | AR95: NO APLICA | AV95: NO APLICA | AW95: DOCENTE | AX95: DOCENTE | AY95: 9 | AZ95: 9 | BA95: VICERRECTORIA ACADEMICA | BB95: VICERRECTORIA ACADEMICA | BC95: DIRECCION DE CARRERA | BD95: DIRECCION DE CARRERA | BE95: CONCEPCION | BG95: TECNICO EN ENFERMERIA | BH95: TECNICO EN ENFERMERIA | BI95: 8 | BJ95: 8 | BK95: CONCEPCION | BL95: CONCEPCIÓN | BM95: 0 | BO95: 0 | BQ95: 8 | BR95: 8 | BS95: NO APLICA | BT95: NO APLICA | BU95: 5 | BV95: 5 | BW95: 1 | BX95: 1
A96: NO_CARGADO_PENDIENTE | B96: 17063144 | C96: 7 | D96: GOMEZ FIGUEROA DANIELA PATRICIA | E96: Falta completar un codigo valido de nivel de formacion academico.; Falta completar un codigo valido del pais donde se obtuvo el titulo o grado.; Falta completar una fecha valida de obtencion del titulo o grado. | F96: NIVEL_FORMACION_ACADEMICO | PAIS_OBTENCION_TIT_O_GRADO | FECHA_OBT_TIT_O_GRADO | G96: NIVEL_FORMACION_ACADEMICO=#N/A | PAIS_OBTENCION_TIT_O_GRADO=#N/A | FECHA_OBT_TIT_O_GRADO=#N/A | H96: Completar dato fuente con respaldo y regenerar candidato PES/SIES. | J96: R | L96: 17063144 | N96: 7 | P96: GOMEZ | R96: FIGUEROA | T96: DANIELA PATRICIA | V96: M | X96: 1988-07-24 | Z96: 38 | AB96: #N/A | AD96: ENFERMERA | AF96: #N/A | AH96: #N/A | AJ96: #N/A | AP96: NO APLICA | AR96: NO APLICA | AV96: NO APLICA | AX96: DOCENTE | AZ96: 9 | BB96: VICERRECTORIA ACADEMICA | BD96: DIRECCION DE CARRERA | BH96: TECNICO EN ENFERMERIA | BJ96: 8 | BL96: SANTIAGO | BR96: 8 | BT96: NO APLICA | BV96: 5 | BX96: 1
A97: CARGADO_PES | B97: 17083758 | C97: 4 | D97: BALBONTIN CONSTENLA PABLO IGNACIO | H97: Sin accion requerida. | I97: R | J97: R | K97: 17083758 | L97: 17083758 | M97: 4 | N97: 4 | O97: BALBONTIN | P97: BALBONTIN | Q97: CONSTENLA | R97: CONSTENLA | S97: PABLO IGNACIO | T97: PABLO IGNACIO | U97: H | V97: H | W97: 23-11-1988 | X97: 1988-11-23 | Y97: 38 | Z97: 38 | AA97: 2 | AB97: 2 | AC97: MAGISTER EN DOCENCIA PARA LA EDUCACION SUPERIOR | AD97: MAGÍSTER EN DOCENCIA PARA LA EDUCACIÓN SUPERIOR | AE97: UNIVERSIDAD ANDRES BELLO | AF97: UNIVERSIDAD ANDRES BELLO | AG97: 38 | AH97: 38 | AI97: 15-12-2021 | AJ97: 2021-12-15 | AP97: NO APLICA | AR97: NO APLICA | AV97: NO APLICA | AW97: DOCENTE | AX97: DOCENTE | AY97: 9 | AZ97: 9 | BA97: VICERRECTORIA ACADEMICA | BB97: VICERRECTORIA ACADEMICA | BC97: DIRECCION DE CARRERA | BD97: DIRECCION DE CARRERA | BE97: SANTIAGO | BG97: INGENIERIA EN FINANZAS | BH97: INGENIERIA EN FINANZAS | BI97: 12 | BJ97: 12 | BK97: SANTIAGO | BL97: SANTIAGO | BM97: 0 | BO97: 0 | BQ97: 18 | BR97: 18 | BS97: NO APLICA | BT97: NO APLICA | BU97: 5 | BV97: 5 | BW97: 1 | BX97: 1
A98: NO_CARGADO_PENDIENTE | B98: 17084685 | C98: 0 | D98: ARAYA CORTEZ DANIELA NATALIA | E98: Falta completar un codigo valido de nivel de formacion academico.; Falta completar un codigo valido del pais donde se obtuvo el titulo o grado.; Falta completar una fecha valida de obtencion del titulo o grado. | F98: NIVEL_FORMACION_ACADEMICO | PAIS_OBTENCION_TIT_O_GRADO | FECHA_OBT_TIT_O_GRADO | G98: NIVEL_FORMACION_ACADEMICO=#N/A | PAIS_OBTENCION_TIT_O_GRADO=#N/A | FECHA_OBT_TIT_O_GRADO=#N/A | H98: Completar dato fuente con respaldo y regenerar candidato PES/SIES. | J98: R | L98: 17084685 | N98: 0 | P98: ARAYA | R98: CORTEZ | T98: DANIELA NATALIA | V98: M | X98: 1988-12-15 | Z98: 38 | AB98: #N/A | AD98: TERAPEUTA COMPLEMENTARIA | AF98: #N/A | AH98: #N/A | AJ98: #N/A | AP98: NO APLICA | AR98: NO APLICA | AV98: NO APLICA | AX98: DOCENTE | AZ98: 9 | BB98: VICERRECTORIA ACADEMICA | BD98: DIRECCION DE CARRERA | BH98: NATUROPATIA | BJ98: 3 | BL98: SANTIAGO | BR98: 3 | BT98: NO APLICA | BV98: 5 | BX98: 1
A99: CARGADO_PES | B99: 17122345 | C99: 8 | D99: MICHAEL MORALES DOMINIQUE | H99: Sin accion requerida. | I99: R | J99: R | K99: 17122345 | L99: 17122345 | M99: 8 | N99: 8 | O99: MICHAEL | P99: MICHAEL | Q99: MORALES | R99: MORALES | S99: DOMINIQUE | T99: DOMINIQUE | U99: M | V99: M | W99: 15-01-1989 | X99: 1989-01-15 | Y99: 38 | Z99: 38 | AA99: 3 | AB99: 3 | AC99: PSICOLOGA | AD99: PSICOLOGA | AE99: UNIVERSIDAD MIGUEL DE CERVANTES | AF99: UNIVERSIDAD MIGUEL DE CERVANTES | AG99: 38 | AH99: 38 | AI99: 25-01-2023 | AJ99: 2023-01-25 | AP99: NO APLICA | AR99: NO APLICA | AV99: NO APLICA | AW99: DOCENTE | AX99: DOCENTE | AY99: 9 | AZ99: 9 | BA99: VICERRECTORIA ACADEMICA | BB99: VICERRECTORIA ACADEMICA | BC99: DIRECCION DE CARRERA | BD99: DIRECCION DE CARRERA | BE99: SANTIAGO | BG99: NATUROPATIA | BH99: NATUROPATIA | BI99: 4 | BJ99: 4 | BK99: SANTIAGO | BL99: SANTIAGO | BM99: 0 | BO99: 0 | BQ99: 4 | BR99: 4 | BS99: NO APLICA | BT99: NO APLICA | BU99: 5 | BV99: 5 | BW99: 1 | BX99: 1
A100: CARGADO_PES | B100: 17139956 | C100: 4 | D100: ROCO AGUIRRE JUAN IGNACIO | H100: Sin accion requerida. | I100: R | J100: R | K100: 17139956 | L100: 17139956 | M100: 4 | N100: 4 | O100: ROCO | P100: ROCO | Q100: AGUIRRE | R100: AGUIRRE | S100: JUAN IGNACIO | T100: JUAN IGNACIO | U100: H | V100: H | W100: 17-10-1988 | X100: 1988-10-17 | Y100: 38 | Z100: 38 | AA100: 3 | AB100: 3 | AC100: INGENIERO EN INFORMATICA | AD100: INGENIERO EN INFORMATICA | AE100: INSTITUTO PROFESIONAL SAN SEBASTIAN | AF100: INSTITUTO PROFESIONAL SAN SEBASTIÁN | AG100: 38 | AH100: 38 | AI100: 14-06-2022 | AJ100: 2022-06-14 | AP100: NO APLICA | AR100: NO APLICA | AV100: NO APLICA | AW100: DOCENTE | AX100: DOCENTE | AY100: 9 | AZ100: 9 | BA100: VICERRECTORIA ACADEMICA | BB100: VICERRECTORIA ACADEMICA | BC100: DIRECCION DE CARRERA | BD100: DIRECCION DE CARRERA | BE100: SANTIAGO | BG100: INGENIERIA EN INFORMATICA | BH100: INGENIERIA EN INFORMATICA | BI100: 9 | BJ100: 9 | BK100: SANTIAGO | BL100: SANTIAGO | BM100: 0 | BO100: 0 | BQ100: 18 | BR100: 18 | BS100: NO APLICA | BT100: NO APLICA | BU100: 5 | BV100: 5 | BW100: 1 | BX100: 1
A101: NO_CARGADO_PENDIENTE | B101: 17288648 | C101: 5 | D101: QUEVEDO LEIVA ADELINA VICTORIA | E101: Falta completar un codigo valido de nivel de formacion academico.; Falta completar un codigo valido del pais donde se obtuvo el titulo o grado.; Falta completar una fecha valida de obtencion del titulo o grado. | F101: NIVEL_FORMACION_ACADEMICO | PAIS_OBTENCION_TIT_O_GRADO | FECHA_OBT_TIT_O_GRADO | G101: NIVEL_FORMACION_ACADEMICO=#N/A | PAIS_OBTENCION_TIT_O_GRADO=#N/A | FECHA_OBT_TIT_O_GRADO=#N/A | H101: Completar dato fuente con respaldo y regenerar candidato PES/SIES. | J101: R | L101: 17288648 | N101: 5 | P101: QUEVEDO | R101: LEIVA | T101: ADELINA VICTORIA | V101: M | X101: 1989-12-01 | Z101: 38 | AB101: #N/A | AD101: INGENIERA CIVIL EN INFORMÁTICA | AF101: #N/A | AH101: #N/A | AJ101: #N/A | AP101: NO APLICA | AR101: NO APLICA | AV101: NO APLICA | AX101: DOCENTE | AZ101: 9 | BB101: VICERRECTORIA ACADEMICA | BD101: DIRECCION DE CARRERA | BH101: INGENIERIA EN INFORMATICA | BJ101: 20 | BL101: SANTIAGO | BR101: 20 | BT101: NO APLICA | BV101: 5 | BX101: 1
A102: CARGADO_PES | B102: 17300590 | C102: 3 | D102: ITURRA RODRIGUEZ JOSEFA MARIANA | H102: Sin accion requerida. | I102: R | J102: R | K102: 17300590 | L102: 17300590 | M102: 3 | N102: 3 | O102: ITURRA | P102: ITURRA | Q102: RODRIGUEZ | R102: RODRIGUEZ | S102: JOSEFA MARIANA | T102: JOSEFA MARIANA | U102: M | V102: M | W102: 13-09-1989 | X102: 1989-09-13 | Y102: 38 | Z102: 38 | AA102: 2 | AB102: 2 | AC102: MAGISTER DE GESTION EN SALUD | AD102: MAGÍSTER DE GESTIÓN EN SALUD | AE102: UNIVERSIDAD DEL DESARROLLO | AF102: UNIVERSIDAD DEL DESARROLLO | AG102: 38 | AH102: 38 | AI102: 17-03-2020 | AJ102: 2020-03-17 | AP102: NO APLICA | AR102: NO APLICA | AV102: NO APLICA | AW102: DOCENTE | AX102: DOCENTE | AY102: 9 | AZ102: 9 | BA102: VICERRECTORIA ACADEMICA | BB102: VICERRECTORIA ACADEMICA | BC102: DIRECCION DE CARRERA | BD102: DIRECCION DE CARRERA | BE102: SANTIAGO | BG102: TECNICO EN ENFERMERIA | BH102: TECNICO EN ENFERMERIA | BI102: 16 | BJ102: 16 | BK102: SANTIAGO | BL102: SANTIAGO | BM102: 0 | BO102: 0 | BQ102: 16 | BR102: 16 | BS102: NO APLICA | BT102: NO APLICA | BU102: 5 | BV102: 5 | BW102: 1 | BX102: 1
A103: CARGADO_PES | B103: 17344593 | C103: 8 | D103: ANDREA PEÑA LORENA PATRICIA | H103: Sin accion requerida. | I103: R | J103: R | K103: 17344593 | L103: 17344593 | M103: 8 | N103: 8 | O103: ANDREA | P103: ANDREA | Q103: PENA | R103: PEÑA | S103: LORENA PATRICIA | T103: LORENA PATRICIA | U103: M | V103: M | W103: 20-10-1989 | X103: 1989-10-20 | Y103: 38 | Z103: 38 | AA103: 2 | AB103: 2 | AC103: MAGISTER EN ENFERMERIA | AD103: MAGÍSTER EN ENFERMERÍA | AE103: UNIVERSIDAD ANDRES BELLO | AF103: UNIVERSIDAD ANDRES BELLO | AG103: 38 | AH103: 38 | AI103: 01-03-2023 | AJ103: 2023-03-01 | AP103: NO APLICA | AR103: NO APLICA | AV103: NO APLICA | AW103: DOCENTE | AX103: DOCENTE | AY103: 9 | AZ103: 9 | BA103: VICERRECTORIA ACADEMICA | BB103: VICERRECTORIA ACADEMICA | BC103: DIRECCION DE CARRERA | BD103: DIRECCION DE CARRERA | BE103: CONCEPCION | BG103: TECNICO EN ENFERMERIA | BH103: TECNICO EN ENFERMERIA | BI103: 10 | BJ103: 10 | BK103: CONCEPCION | BL103: CONCEPCIÓN | BM103: 0 | BO103: 0 | BQ103: 10 | BR103: 10 | BS103: NO APLICA | BT103: NO APLICA | BU103: 5 | BV103: 5 | BW103: 1 | BX103: 1
A104: CARGADO_PES | B104: 17546743 | C104: 2 | D104: MOYA SOLÍS YESSENIA | H104: Sin accion requerida. | I104: R | J104: R | K104: 17546743 | L104: 17546743 | M104: 2 | N104: 2 | O104: MOYA | P104: MOYA | Q104: SOLIS | R104: SOLÍS | S104: YESSENIA | T104: YESSENIA | U104: M | V104: M | W104: 10-08-1990 | X104: 1990-08-10 | Y104: 38 | Z104: 38 | AA104: 3 | AB104: 3 | AC104: PROFESORA DE EDUCACION BASIA | AD104: PROFESORA DE EDUCACION BASIA | AE104: UNIVERSIDAD AUTONOMA DE CHILE | AF104: UNIVERSIDAD AUTONOMA DE CHILE | AG104: 38 | AH104: 38 | AI104: 15-01-2019 | AJ104: 2019-01-15 | AP104: NO APLICA | AR104: NO APLICA | AV104: NO APLICA | AW104: DOCENTE | AX104: DOCENTE | AY104: 9 | AZ104: 9 | BA104: VICERRECTORIA ACADEMICA | BB104: VICERRECTORIA ACADEMICA | BC104: DIRECCION DE CARRERA | BD104: DIRECCION DE CARRERA | BE104: SANTIAGO | BG104: FORMACION GENERAL | BH104: FORMACIÓN GENERAL | BI104: 5 | BJ104: 5 | BK104: SANTIAGO | BL104: SANTIAGO | BM104: 0 | BO104: 0 | BQ104: 5 | BR104: 5 | BS104: NO APLICA | BT104: NO APLICA | BU104: 5 | BV104: 5 | BW104: 1 | BX104: 1
A105: CARGADO_PES | B105: 17614777 | C105: 6 | D105: CANALES VERGARA MARCELO ANDRÉS | H105: Sin accion requerida. | I105: R | J105: R | K105: 17614777 | L105: 17614777 | M105: 6 | N105: 6 | O105: CANALES | P105: CANALES | Q105: VERGARA | R105: VERGARA | S105: MARCELO ANDRES | T105: MARCELO ANDRÉS | U105: H | V105: H | W105: 26-03-1991 | X105: 1991-03-26 | Y105: 38 | Z105: 38 | AA105: 3 | AB105: 3 | AC105: ENFERMERO | AD105: ENFERMERO | AE105: UNIVERSIDAD DE CONCEPCION | AF105: UNIVERSIDAD DE CONCEPCION | AG105: 38 | AH105: 38 | AI105: 30-03-2015 | AJ105: 2015-03-30 | AP105: NO APLICA | AR105: NO APLICA | AV105: NO APLICA | AW105: DOCENTE | AX105: DOCENTE | AY105: 9 | AZ105: 9 | BA105: VICERRECTORIA ACADEMICA | BB105: VICERRECTORIA ACADEMICA | BC105: DIRECCION DE CARRERA | BD105: DIRECCION DE CARRERA | BE105: CONCEPCION | BG105: TECNICO EN ENFERMERIA | BH105: TECNICO EN ENFERMERIA | BI105: 8 | BJ105: 8 | BK105: CONCEPCION | BL105: CONCEPCIÓN | BM105: 0 | BO105: 0 | BQ105: 8 | BR105: 8 | BS105: NO APLICA | BT105: NO APLICA | BU105: 5 | BV105: 5 | BW105: 1 | BX105: 1
A106: CARGADO_PES | B106: 17617222 | C106: 3 | D106: TAPIA DÍAZ LESLIE CAROLINA | H106: Sin accion requerida. | I106: R | J106: R | K106: 17617222 | L106: 17617222 | M106: 3 | N106: 3 | O106: TAPIA | P106: TAPIA | Q106: DIAZ | R106: DÍAZ | S106: LESLIE CAROLINA | T106: LESLIE CAROLINA | U106: M | V106: M | W106: 08-10-1991 | X106: 1991-10-08 | Y106: 38 | Z106: 38 | AA106: 5 | AB106: 5 | AC106: TECNICO DE NIVEL SUPERIOR EN FARMACIA | AD106: TECNICO DE NIVEL SUPERIOR EN FARMACIA | AE106: CENTRO DE FORMACION TECNICA SANTO TOMAS | AF106: CENTRO DE FORMACIÓN TÉCNICA SANTO TOMÁS | AG106: 38 | AH106: 38 | AI106: 16-12-2009 | AJ106: 2009-12-16 | AP106: NO APLICA | AR106: NO APLICA | AV106: NO APLICA | AW106: DOCENTE | AX106: DOCENTE | AY106: 9 | AZ106: 9 | BA106: VICERRECTORIA ACADEMICA | BB106: VICERRECTORIA ACADEMICA | BC106: DIRECCION DE CARRERA | BD106: DIRECCION DE CARRERA | BE106: CONCEPCION | BG106: TECNICO EN FARMACIA | BH106: TECNICO EN FARMACIA | BI106: 4 | BJ106: 4 | BK106: CONCEPCION | BL106: CONCEPCIÓN | BM106: 0 | BO106: 0 | BQ106: 4 | BR106: 4 | BS106: NO APLICA | BT106: NO APLICA | BU106: 5 | BV106: 5 | BW106: 1 | BX106: 1
A107: CARGADO_PES | B107: 17643258 | C107: 6 | D107: BURGOS FLORES ALEXI MARCELO | H107: Sin accion requerida. | I107: R | J107: R | K107: 17643258 | L107: 17643258 | M107: 6 | N107: 6 | O107: BURGOS | P107: BURGOS | Q107: FLORES | R107: FLORES | S107: ALEXI MARCELO | T107: ALEXI MARCELO | U107: H | V107: H | W107: 15-09-1991 | X107: 1991-09-15 | Y107: 38 | Z107: 38 | AA107: 3 | AB107: 3 | AC107: INGENIERO EN GESTION DE OPERACIONES LOGISTICAS | AD107: INGENIERO EN GESTIÓN DE OPERACIONES LOGÍSTICAS | AE107: INSTITUTO PROFESIONAL AIEP | AF107: INSTITUTO PROFESIONAL AIEP | AG107: 38 | AH107: 38 | AI107: 24-09-2025 | AJ107: 2025-09-24 | AP107: NO APLICA | AR107: NO APLICA | AV107: NO APLICA | AW107: DOCENTE | AX107: DOCENTE | AY107: 9 | AZ107: 9 | BA107: VICERRECTORIA ACADEMICA | BB107: VICERRECTORIA ACADEMICA | BC107: DIRECCION DE CARRERA | BD107: DIRECCION DE CARRERA | BE107: SANTIAGO | BG107: INGENIERIA EN LOGISTICA | BH107: INGENIERIA EN LOGISTICA | BI107: 5 | BJ107: 5 | BK107: SANTIAGO | BL107: SANTIAGO | BM107: 42 | BN107: 42 | BO107: 0 | BQ107: 0 | BS107: NO APLICA | BT107: NO APLICA | BU107: 5 | BV107: 5 | BW107: 1 | BX107: 1
A108: CARGADO_PES | B108: 17727179 | C108: 9 | D108: CORTES PAREDES FRANCISCO JAVIER | H108: Sin accion requerida. | I108: R | J108: R | K108: 17727179 | L108: 17727179 | M108: 9 | N108: 9 | O108: CORTES | P108: CORTES | Q108: PAREDES | R108: PAREDES | S108: FRANCISCO JAVIER | T108: FRANCISCO JAVIER | U108: H | V108: H | W108: 01-04-1991 | X108: 1991-04-01 | Y108: 38 | Z108: 38 | AA108: 3 | AB108: 3 | AC108: INGENIERO EN ADMINISTRACION DE EMPRESAS | AD108: INGENIERO EN ADMINISTRACIÓN DE EMPRESAS | AE108: INSTITUTO PROFESIONAL DE CHILE | AF108: INSTITUTO PROFESIONAL DE CHILE | AG108: 38 | AH108: 38 | AI108: 29-08-2024 | AJ108: 2024-08-29 | AP108: NO APLICA | AR108: NO APLICA | AV108: NO APLICA | AW108: DOCENTE | AX108: DOCENTE | AY108: 9 | AZ108: 9 | BA108: VICERRECTORIA ACADEMICA | BB108: VICERRECTORIA ACADEMICA | BC108: DIRECCION DE CARRERA | BD108: DIRECCION DE CARRERA | BE108: SANTIAGO | BG108: INGENIERIA EN ADMINISTRACION | BH108: INGENIERIA EN ADMINISTRACION | BI108: 5 | BJ108: 5 | BK108: SANTIAGO | BL108: SANTIAGO | BM108: 0 | BO108: 0 | BQ108: 5 | BR108: 5 | BS108: NO APLICA | BT108: NO APLICA | BU108: 5 | BV108: 5 | BW108: 1 | BX108: 1
A109: CARGADO_PES | B109: 17737198 | C109: K | D109: MOLINA MORALES MIGUEL ALEXANDER | H109: Sin accion requerida. | I109: R | J109: R | K109: 17737198 | L109: 17737198 | M109: K | N109: K | O109: MOLINA | P109: MOLINA | Q109: MORALES | R109: MORALES | S109: MIGUEL ALEXANDER | T109: MIGUEL ALEXANDER | U109: H | V109: H | W109: 22-02-1990 | X109: 1990-02-22 | Y109: 38 | Z109: 38 | AA109: 3 | AB109: 3 | AC109: INGENIERO EN CIBERSEGURIDAD | AD109: INGENIERO EN CIBERSEGURIDAD | AE109: INSTITUTO PROFESIONAL CIISA | AF109: INSTITUTO PROFESIONAL CIISA | AG109: 38 | AH109: 38 | AI109: 31-08-2024 | AJ109: 2024-08-31 | AP109: NO APLICA | AR109: NO APLICA | AV109: NO APLICA | AW109: DOCENTE | AX109: DOCENTE | AY109: 9 | AZ109: 9 | BA109: VICERRECTORIA ACADEMICA | BB109: VICERRECTORIA ACADEMICA | BC109: DIRECCION DE CARRERA | BD109: DIRECCION DE CARRERA | BE109: SANTIAGO | BG109: TECNICO EN CONECTIVIDAD Y REDES | BH109: TECNICO EN CONECTIVIDAD Y REDES | BI109: 10 | BJ109: 10 | BK109: SANTIAGO | BL109: SANTIAGO | BM109: 0 | BO109: 0 | BQ109: 24 | BR109: 24 | BS109: NO APLICA | BT109: NO APLICA | BU109: 5 | BV109: 5 | BW109: 1 | BX109: 1
A110: CARGADO_PES | B110: 17874507 | C110: 7 | D110: DUARTE LATORRE FELIPE ROBERTO | H110: Sin accion requerida. | I110: R | J110: R | K110: 17874507 | L110: 17874507 | M110: 7 | N110: 7 | O110: DUARTE | P110: DUARTE | Q110: LATORRE | R110: LATORRE | S110: FELIPE ROBERTO | T110: FELIPE ROBERTO | U110: H | V110: H | W110: 12-01-1991 | X110: 1991-01-12 | Y110: 38 | Z110: 38 | AA110: 3 | AB110: 3 | AC110: CIENTISTA POLITICO | AD110: CIENTISTA POLÍTICO | AE110: UNIVERSIDAD CENTRAL DE CHILE | AF110: UNIVERSIDAD CENTRAL DE CHILE | AG110: 38 | AH110: 38 | AI110: 29-08-2019 | AJ110: 2019-08-29 | AP110: NO APLICA | AR110: NO APLICA | AV110: NO APLICA | AW110: DOCENTE | AX110: DOCENTE | AY110: 9 | AZ110: 9 | BA110: VICERRECTORIA ACADEMICA | BB110: VICERRECTORIA ACADEMICA | BC110: DIRECCION DE CARRERA | BD110: DIRECCION DE CARRERA | BE110: SANTIAGO | BG110: ADMINISTRACION PUBLICA | BH110: ADMINISTRACION PUBLICA | BI110: 10 | BJ110: 10 | BK110: SANTIAGO | BL110: SANTIAGO | BM110: 0 | BO110: 0 | BQ110: 7.5 | BR110: 7.5 | BS110: NO APLICA | BT110: NO APLICA | BU110: 5 | BV110: 5 | BW110: 1 | BX110: 1
A111: CARGADO_PES | B111: 17994655 | C111: 6 | D111: RODRIGUEZ FERNANDEZ ARTURO | H111: Sin accion requerida. | I111: R | J111: R | K111: 17994655 | L111: 17994655 | M111: 6 | N111: 6 | O111: RODRIGUEZ | P111: RODRIGUEZ | Q111: FERNANDEZ | R111: FERNANDEZ | S111: ARTURO | T111: ARTURO | U111: H | V111: H | W111: 04-11-1991 | X111: 1991-11-04 | Y111: 38 | Z111: 38 | AA111: 2 | AB111: 2 | AC111: MAGISTER EN FISIOLOGIA | AD111: MAGÍSTER EN FISIOLOGÍA | AE111: UNIVERSIDAD DE CHILE | AF111: UNIVERSIDAD DE CHILE | AG111: 38 | AH111: 38 | AI111: 30-03-2021 | AJ111: 2021-03-30 | AP111: NO APLICA | AR111: NO APLICA | AV111: NO APLICA | AW111: DOCENTE | AX111: DOCENTE | AY111: 9 | AZ111: 9 | BA111: VICERRECTORIA ACADEMICA | BB111: VICERRECTORIA ACADEMICA | BC111: DIRECCION DE CARRERA | BD111: DIRECCION DE CARRERA | BE111: SANTIAGO | BG111: TECNICO EN ENFERMERIA | BH111: TECNICO EN ENFERMERIA | BI111: 5 | BJ111: 5 | BK111: SANTIAGO | BL111: SANTIAGO | BM111: 0 | BO111: 0 | BQ111: 5 | BR111: 5 | BS111: NO APLICA | BT111: NO APLICA | BU111: 5 | BV111: 5 | BW111: 1 | BX111: 1
A112: CARGADO_PES | B112: 18120518 | C112: 0 | D112: GONZÁLEZ MOLINA BRAULIO | H112: Sin accion requerida. | I112: R | J112: R | K112: 18120518 | L112: 18120518 | M112: 0 | N112: 0 | O112: GONZALEZ | P112: GONZÁLEZ | Q112: MOLINA | R112: MOLINA | S112: BRAULIO | T112: BRAULIO | U112: H | V112: H | W112: 10-06-1992 | X112: 1992-06-10 | Y112: 38 | Z112: 38 | AA112: 3 | AB112: 3 | AC112: TRADUCTOR INGLES ESPANOL MENCION NEGOCIOS INTERNACIONALES | AD112: TRADUCTOR INGLES-ESPAÑOL MENCIÓN NEGOCIOS INTERNACIONALES | AE112: UNIVERSIDAD TECNOLOGICA DE CHILE INACAP | AF112: UNIVERSIDAD TECNOLOGICA DE CHILE INACAP | AG112: 38 | AH112: 38 | AI112: 03-06-2019 | AJ112: 2019-06-03 | AP112: NO APLICA | AR112: NO APLICA | AV112: NO APLICA | AW112: DOCENTE | AX112: DOCENTE | AY112: 9 | AZ112: 9 | BA112: VICERRECTORIA ACADEMICA | BB112: VICERRECTORIA ACADEMICA | BC112: DIRECCION DE CARRERA | BD112: DIRECCION DE CARRERA | BE112: SANTIAGO | BG112: FORMACION GENERAL | BH112: FORMACIÓN GENERAL | BI112: 17 | BJ112: 17 | BK112: SANTIAGO | BL112: SANTIAGO | BM112: 0 | BO112: 0 | BQ112: 17 | BR112: 17 | BS112: NO APLICA | BT112: NO APLICA | BU112: 5 | BV112: 5 | BW112: 1 | BX112: 1
A113: CARGADO_PES | B113: 18123829 | C113: 1 | D113: CAMPOS MONTANER ANDREA IGNACIA | H113: Sin accion requerida. | I113: R | J113: R | K113: 18123829 | L113: 18123829 | M113: 1 | N113: 1 | O113: CAMPOS | P113: CAMPOS | Q113: MONTANER | R113: MONTANER | S113: ANDREA IGNACIA | T113: ANDREA IGNACIA | U113: M | V113: M | W113: 09-06-1992 | X113: 1992-06-09 | Y113: 38 | Z113: 38 | AA113: 3 | AB113: 3 | AC113: PSICOLOGA | AD113: PSICÓLOGA | AE113: UNIVERSIDAD ANDRES BELLO | AF113: UNIVERSIDAD ANDRES BELLO | AG113: 38 | AH113: 38 | AI113: 30-12-2016 | AJ113: 2016-12-30 | AP113: NO APLICA | AR113: NO APLICA | AV113: NO APLICA | AW113: DOCENTE | AX113: DOCENTE | AY113: 9 | AZ113: 9 | BA113: VICERRECTORIA ACADEMICA | BB113: VICERRECTORIA ACADEMICA | BC113: DIRECCION DE CARRERA | BD113: DIRECCION DE CARRERA | BE113: SANTIAGO | BG113: INGENIERIA EN ADMINISTRACION | BH113: INGENIERIA EN ADMINISTRACION | BI113: 3 | BJ113: 3 | BK113: SANTIAGO | BL113: SANTIAGO | BM113: 0 | BO113: 0 | BQ113: 3 | BR113: 3 | BS113: NO APLICA | BT113: NO APLICA | BU113: 5 | BV113: 5 | BW113: 1 | BX113: 1
A114: CARGADO_PES | B114: 18149481 | C114: 6 | D114: ORTEGA VILLANUEVA DIANA GABRIELA | H114: Sin accion requerida. | I114: R | J114: R | K114: 18149481 | L114: 18149481 | M114: 6 | N114: 6 | O114: ORTEGA | P114: ORTEGA | Q114: VILLANUEVA | R114: VILLANUEVA | S114: DIANA GABRIELA | T114: DIANA GABRIELA | U114: M | V114: M | W114: 28-01-1992 | X114: 1992-01-28 | Y114: 38 | Z114: 38 | AA114: 3 | AB114: 3 | AC114: INGENIERO EN ADMINISTRACION DE RECURSOS HUMANOS | AD114: INGENIERO EN ADMINISTRACIÓN DE RECURSOS HUMANOS | AE114: DUOC UC | AF114: DUOC UC | AG114: 38 | AH114: 38 | AI114: 25-12-2021 | AJ114: 2021-12-25 | AP114: NO APLICA | AR114: NO APLICA | AV114: NO APLICA | AW114: DOCENTE | AX114: DOCENTE | AY114: 9 | AZ114: 9 | BA114: VICERRECTORIA ACADEMICA | BB114: VICERRECTORIA ACADEMICA | BC114: DIRECCION DE CARRERA | BD114: DIRECCION DE CARRERA | BE114: SANTIAGO | BG114: ADMINISTRACION PUBLICA | BH114: ADMINISTRACION PUBLICA | BI114: 5 | BJ114: 5 | BK114: SANTIAGO | BL114: SANTIAGO | BM114: 0 | BO114: 0 | BQ114: 5.5 | BR114: 5.5 | BS114: NO APLICA | BT114: NO APLICA | BU114: 5 | BV114: 5 | BW114: 1 | BX114: 1
A115: CARGADO_PES | B115: 18220414 | C115: 5 | D115: VIDAL ROJO RODRIGO GABRIEL | H115: Sin accion requerida. | I115: R | J115: R | K115: 18220414 | L115: 18220414 | M115: 5 | N115: 5 | O115: VIDAL | P115: VIDAL | Q115: ROJO | R115: ROJO | S115: RODRIGO GABRIEL | T115: RODRIGO GABRIEL | U115: H | V115: H | W115: 08-05-1992 | X115: 1992-05-08 | Y115: 38 | Z115: 38 | AA115: 5 | AB115: 5 | AC115: TECNICO DE NIVEL SUPERIOR EN SALUD Y TERAPIAS NATURALES | AD115: TECNICO DE NIVEL SUPERIOR EN SALUD Y TERAPIAS NATURALES | AE115: CENTRO DE FORMACION TECNICA DEL MEDIO AMBIENTE | AF115: CENTRO DE FORMACIÓN TÉCNICA DEL MEDIO AMBIENTE | AG115: 38 | AH115: 38 | AI115: 10-08-2016 | AJ115: 2016-08-10 | AP115: NO APLICA | AR115: NO APLICA | AV115: NO APLICA | AW115: DOCENTE | AX115: DOCENTE | AY115: 9 | AZ115: 9 | BA115: VICERRECTORIA ACADEMICA | BB115: VICERRECTORIA ACADEMICA | BC115: DIRECCION DE CARRERA | BD115: DIRECCION DE CARRERA | BE115: SANTIAGO | BG115: FORMACION GENERAL | BH115: FORMACIÓN GENERAL | BI115: 25 | BJ115: 25 | BK115: SANTIAGO | BL115: SANTIAGO | BM115: 0 | BO115: 0 | BQ115: 25 | BR115: 25 | BS115: NO APLICA | BT115: NO APLICA | BU115: 5 | BV115: 5 | BW115: 1 | BX115: 1
A116: CARGADO_PES | B116: 18286274 | C116: 6 | D116: CORTEZ MUÑOZ ANA MARÍA | H116: Sin accion requerida. | I116: R | J116: R | K116: 18286274 | L116: 18286274 | M116: 6 | N116: 6 | O116: CORTEZ | P116: CORTEZ | Q116: MUNOZ | R116: MUÑOZ | S116: ANA MARIA | T116: ANA MARÍA | U116: M | V116: M | W116: 16-09-1992 | X116: 1992-09-16 | Y116: 38 | Z116: 38 | AA116: 3 | AB116: 3 | AC116: ENFERMERA | AD116: ENFERMERA | AE116: UNIVERSIDAD ANDRES BELLO | AF116: UNIVERSIDAD ANDRES BELLO | AG116: 38 | AH116: 38 | AI116: 24-01-2018 | AJ116: 2018-01-24 | AP116: NO APLICA | AR116: NO APLICA | AV116: NO APLICA | AW116: DOCENTE | AX116: DOCENTE | AY116: 9 | AZ116: 9 | BA116: VICERRECTORIA ACADEMICA | BB116: VICERRECTORIA ACADEMICA | BC116: DIRECCION DE CARRERA | BD116: DIRECCION DE CARRERA | BE116: CONCEPCION | BG116: TECNICO EN ENFERMERIA E INSTRUMENTACION QUIRURGICA | BH116: TECNICO EN ENFERMERIA E INSTRUMENTACION QUIRURGICA | BI116: 5 | BJ116: 5 | BK116: CONCEPCION | BL116: CONCEPCIÓN | BM116: 0 | BO116: 0 | BQ116: 10 | BR116: 10 | BS116: NO APLICA | BT116: NO APLICA | BU116: 5 | BV116: 5 | BW116: 1 | BX116: 1
A117: CARGADO_PES | B117: 18390240 | C117: 7 | D117: ALEJANDRA CARIAGA YESENIA | H117: Sin accion requerida. | I117: R | J117: R | K117: 18390240 | L117: 18390240 | M117: 7 | N117: 7 | O117: ALEJANDRA | P117: ALEJANDRA | Q117: CARIAGA | R117: CARIAGA | S117: YESENIA | T117: YESENIA | U117: M | V117: M | W117: 28-01-1994 | X117: 1994-01-28 | Y117: 38 | Z117: 38 | AA117: 3 | AB117: 3 | AC117: ENFERMERA | AD117: ENFERMERA | AE117: UNIVERSIDAD DE CHILE | AF117: UNIVERSIDAD DE CHILE | AG117: 38 | AH117: 38 | AI117: 23-11-2018 | AJ117: 2018-11-23 | AP117: NO APLICA | AR117: NO APLICA | AV117: NO APLICA | AW117: DOCENTE | AX117: DOCENTE | AY117: 9 | AZ117: 9 | BA117: VICERRECTORIA ACADEMICA | BB117: VICERRECTORIA ACADEMICA | BC117: DIRECCION DE CARRERA | BD117: DIRECCION DE CARRERA | BE117: CONCEPCION | BG117: TECNICO EN ENFERMERIA | BH117: TECNICO EN ENFERMERIA | BI117: 4 | BJ117: 4 | BK117: CONCEPCION | BL117: CONCEPCIÓN | BM117: 0 | BO117: 0 | BQ117: 4 | BR117: 4 | BS117: NO APLICA | BT117: NO APLICA | BU117: 5 | BV117: 5 | BW117: 1 | BX117: 1
A118: CARGADO_PES | B118: 18443318 | C118: 4 | D118: VITTINI YANEZ VALENTINA ISADORA | H118: Sin accion requerida. | I118: R | J118: R | K118: 18443318 | L118: 18443318 | M118: 4 | N118: 4 | O118: VITTINI | P118: VITTINI | Q118: YANEZ | R118: YANEZ | S118: VALENTINA ISADORA | T118: VALENTINA ISADORA | U118: M | V118: M | W118: 17-07-1993 | X118: 1993-07-17 | Y118: 38 | Z118: 38 | AA118: 3 | AB118: 3 | AC118: PROFESORA INGLES | AD118: PROFESORA INGLÉS | AE118: UNIVERSIDAD DE LAS AMERICAS | AF118: UNIVERSIDAD DE LAS AMERICAS | AG118: 38 | AH118: 38 | AI118: 30-08-2022 | AJ118: 2022-08-30 | AP118: NO APLICA | AR118: NO APLICA | AV118: NO APLICA | AW118: DOCENTE | AX118: DOCENTE | AY118: 9 | AZ118: 9 | BA118: VICERRECTORIA ACADEMICA | BB118: VICERRECTORIA ACADEMICA | BC118: DIRECCION DE CARRERA | BD118: DIRECCION DE CARRERA | BE118: SANTIAGO | BG118: FORMACION GENERAL | BH118: FORMACIÓN GENERAL | BI118: 25 | BJ118: 25 | BK118: SANTIAGO | BL118: SANTIAGO | BM118: 0 | BO118: 0 | BQ118: 25 | BR118: 25 | BS118: NO APLICA | BT118: NO APLICA | BU118: 5 | BV118: 5 | BW118: 1 | BX118: 1
A119: CARGADO_PES | B119: 18456358 | C119: 4 | D119: PÉREZ BARAHONA FRANCISCO | H119: Sin accion requerida. | I119: R | J119: R | K119: 18456358 | L119: 18456358 | M119: 4 | N119: 4 | O119: PEREZ | P119: PÉREZ | Q119: BARAHONA | R119: BARAHONA | S119: FRANCISCO | T119: FRANCISCO | U119: H | V119: H | W119: 16-05-1993 | X119: 1993-05-16 | Y119: 38 | Z119: 38 | AA119: 3 | AB119: 3 | AC119: INGENIERO EN TELECOMUNICACIONES | AD119: INGENIERO EN TELECOMUNICACIONES | AE119: INSTITUTO PROFESIONAL INACAP | AF119: INSTITUTO PROFESIONAL INACAP | AG119: 38 | AH119: 38 | AI119: 04-12-2016 | AJ119: 2016-12-04 | AP119: NO APLICA | AR119: NO APLICA | AV119: NO APLICA | AW119: DOCENTE | AX119: DOCENTE | AY119: 9 | AZ119: 9 | BA119: VICERRECTORIA ACADEMICA | BB119: VICERRECTORIA ACADEMICA | BC119: DIRECCION DE CARRERA | BD119: DIRECCION DE CARRERA | BE119: SANTIAGO | BG119: INGENIERIA EN CIBERSEGURIDAD | BH119: INGENIERIA EN CIBERSEGURIDAD | BI119: 2.92 | BJ119: 2.9166666666666665 | BK119: SANTIAGO | BL119: SANTIAGO | BM119: 0 | BO119: 0 | BQ119: 5.25 | BR119: 5.25 | BS119: NO APLICA | BT119: NO APLICA | BU119: 5 | BV119: 5 | BW119: 1 | BX119: 1
... A156: CARGADO_PES | B156: 26069236 | C156: 4 | D156: LEAL DAVILA ÁNGELA CAROLINA | H156: Sin accion requerida. | I156: R | J156: R | K156: 26069236 | L156: 26069236 | M156: 4 | N156: 4 | O156: LEAL | P156: LEAL | Q156: DAVILA | R156: DAVILA | S156: ANGELA CAROLINA | T156: ÁNGELA CAROLINA | U156: M | V156: M | W156: 07-10-1990 | X156: 1990-10-07 | Y156: 192 | Z156: 192 | AA156: 4 | AB156: 4 | AC156: LICENCIADA EN EDUCACION MENCION INFORMATICA | AD156: LICENCIADA EN EDUCACIÓN MENCIÓN INFORMÁTICA | AE156: UNIVERSIDAD DEL ZULIA | AF156: UNIVERSIDAD DEL ZULIA | AG156: 192 | AH156: 192 | AI156: 28-07-2014 | AJ156: 2014-07-28 | AP156: NO APLICA | AR156: NO APLICA | AV156: NO APLICA | AW156: DOCENTE | AX156: DOCENTE | AY156: 9 | AZ156: 9 | BA156: VICERRECTORIA ACADEMICA | BB156: VICERRECTORIA ACADEMICA | BC156: DIRECCION DE CARRERA | BD156: DIRECCION DE CARRERA | BE156: SANTIAGO | BG156: INGENIERIA EN CIBERSEGURIDAD | BH156: INGENIERIA EN CIBERSEGURIDAD | BI156: 6 | BJ156: 6 | BK156: SANTIAGO | BL156: SANTIAGO | BM156: 0 | BO156: 0 | BQ156: 12 | BR156: 12 | BS156: NO APLICA | BT156: NO APLICA | BU156: 5 | BV156: 5 | BW156: 1 | BX156: 1
A157: NO_CARGADO_PENDIENTE | B157: 26115434 | C157: K | D157: OSORIO MOLINA VICTOR FABIO | E157: Falta completar un codigo valido de nivel de formacion academico.; Falta completar un codigo valido del pais donde se obtuvo el titulo o grado.; Falta completar una fecha valida de obtencion del titulo o grado. | F157: NIVEL_FORMACION_ACADEMICO | PAIS_OBTENCION_TIT_O_GRADO | FECHA_OBT_TIT_O_GRADO | G157: NIVEL_FORMACION_ACADEMICO=#N/A | PAIS_OBTENCION_TIT_O_GRADO=#N/A | FECHA_OBT_TIT_O_GRADO=#N/A | H157: Completar dato fuente con respaldo y regenerar candidato PES/SIES. | J157: R | L157: 26115434 | N157: K | P157: OSORIO | R157: MOLINA | T157: VICTOR FABIO | V157: H | X157: 1982-06-11 | Z157: 192 | AB157: #N/A | AD157: KINESIOLOGO | AF157: #N/A | AH157: #N/A | AJ157: #N/A | AP157: NO APLICA | AR157: NO APLICA | AV157: NO APLICA | AX157: DOCENTE | AZ157: 9 | BB157: VICERRECTORIA ACADEMICA | BD157: DIRECCION DE CARRERA | BH157: TECNICO EN ENFERMERIA | BJ157: 4 | BL157: SANTIAGO | BR157: 4 | BT157: NO APLICA | BV157: 5 | BX157: 1
A158: CARGADO_PES | B158: 26285081 | C158: 1 | D158: SÁNCHEZ ROMERO FABIOLA ANDREA | H158: Sin accion requerida. | I158: R | J158: R | K158: 26285081 | L158: 26285081 | M158: 1 | N158: 1 | O158: SANCHEZ | P158: SÁNCHEZ | Q158: ROMERO | R158: ROMERO | S158: FABIOLA ANDREA | T158: FABIOLA ANDREA | U158: M | V158: M | W158: 29-12-1996 | X158: 1996-12-29 | Y158: 192 | Z158: 192 | AA158: 3 | AB158: 3 | AC158: INGENIERO EN MARKETING | AD158: INGENIERO EN MARKETING | AE158: DUOC UC | AF158: DUOC UC | AG158: 38 | AH158: 38 | AI158: 26-02-2025 | AJ158: 2025-02-26 | AP158: NO APLICA | AR158: NO APLICA | AV158: NO APLICA | AW158: DOCENTE | AX158: DOCENTE | AY158: 9 | AZ158: 9 | BA158: VICERRECTORIA ACADEMICA | BB158: VICERRECTORIA ACADEMICA | BC158: DIRECCION DE CARRERA | BD158: DIRECCION DE CARRERA | BE158: SANTIAGO | BG158: INGENIERIA EN MARKETING DIGITAL | BH158: INGENIERIA EN MARKETING DIGITAL | BI158: 18 | BJ158: 18 | BK158: SANTIAGO | BL158: SANTIAGO | BM158: 0 | BO158: 0 | BQ158: 20.5 | BR158: 20.5 | BS158: NO APLICA | BT158: NO APLICA | BU158: 5 | BV158: 5 | BW158: 1 | BX158: 1
A159: CARGADO_PES | B159: 26805563 | C159: 0 | D159: ESCALONA PERAZA CARLOS | H159: Sin accion requerida. | I159: R | J159: R | K159: 26805563 | L159: 26805563 | M159: 0 | N159: 0 | O159: ESCALONA | P159: ESCALONA | Q159: PERAZA | R159: PERAZA | S159: CARLOS | T159: CARLOS | U159: H | V159: H | W159: 30-04-1981 | X159: 1981-04-30 | Y159: 192 | Z159: 192 | AA159: 3 | AB159: 3 | AC159: INGENIERO DE SISTEMAS | AD159: INGENIERO DE SISTEMAS | AE159: UNIVERSIDAD NACIONAL EXPERIMENTAL POLITECNICA DE LA FUERZA ARMADA | AF159: UNIVERSIDAD NACIONAL EXPERIMENTAL POLITECNICA DE LA FUERZA ARMADA | AG159: 192 | AH159: 192 | AI159: 02-10-2014 | AJ159: 2014-10-02 | AP159: NO APLICA | AR159: NO APLICA | AV159: NO APLICA | AW159: DOCENTE | AX159: DOCENTE | AY159: 9 | AZ159: 9 | BA159: VICERRECTORIA ACADEMICA | BB159: VICERRECTORIA ACADEMICA | BC159: DIRECCION DE CARRERA | BD159: DIRECCION DE CARRERA | BE159: SANTIAGO | BG159: INGENIERIA EN CIBERSEGURIDAD | BH159: INGENIERIA EN CIBERSEGURIDAD | BI159: 13 | BJ159: 13 | BK159: SANTIAGO | BL159: SANTIAGO | BM159: 0 | BO159: 0 | BQ159: 20 | BR159: 20 | BS159: NO APLICA | BT159: NO APLICA | BU159: 5 | BV159: 5 | BW159: 1 | BX159: 1
A160: CARGADO_PES | B160: 26903012 | C160: 7 | D160: MOGOLLON GALINDEZ JENNY VIRGINIA | H160: Sin accion requerida. | I160: R | J160: R | K160: 26903012 | L160: 26903012 | M160: 7 | N160: 7 | O160: MOGOLLON | P160: MOGOLLON | Q160: GALINDEZ | R160: GALINDEZ | S160: JENNY VIRGINIA | T160: JENNY VIRGINIA | U160: M | V160: M | W160: 14-02-1977 | X160: 1977-02-14 | Y160: 192 | Z160: 192 | AA160: 5 | AB160: 5 | AC160: TECNICO DE NIVEL SUPERIOR EN ENFERMERIA | AD160: TÉCNICO DE NIVEL SUPERIOR EN ENFERMERÍA | AE160: COLEGIO UNIVERSITARIO DE ENFERMERIA | AF160: COLEGIO UNIVERSITARIO DE ENFERMERIA | AG160: 192 | AH160: 192 | AI160: 30-04-2003 | AJ160: 2003-04-30 | AP160: NO APLICA | AR160: NO APLICA | AV160: NO APLICA | AW160: DOCENTE | AX160: DOCENTE | AY160: 9 | AZ160: 9 | BA160: VICERRECTORIA ACADEMICA | BB160: VICERRECTORIA ACADEMICA | BC160: DIRECCION DE CARRERA | BD160: DIRECCION DE CARRERA | BE160: SANTIAGO | BG160: TECNICO EN ENFERMERIA | BH160: TECNICO EN ENFERMERIA | BI160: 4 | BJ160: 4 | BK160: SANTIAGO | BL160: SANTIAGO | BM160: 0 | BO160: 0 | BQ160: 4 | BR160: 4 | BS160: NO APLICA | BT160: NO APLICA | BU160: 5 | BV160: 5 | BW160: 1 | BX160: 1
A161: CARGADO_PES | B161: 27104158 | C161: 6 | D161: MALDONADO SUAREZ CARLOS | H161: Sin accion requerida. | I161: R | J161: R | K161: 27104158 | L161: 27104158 | M161: 6 | N161: 6 | O161: MALDONADO | P161: MALDONADO | Q161: SUAREZ | R161: SUAREZ | S161: CARLOS | T161: CARLOS | U161: H | V161: H | W161: 15-03-1971 | X161: 1971-03-15 | Y161: 38 | Z161: 38 | AA161: 3 | AB161: 3 | AC161: PROFESOR DE MATEMATICAS | AD161: PROFESOR DE MATEMÁTICAS | AE161: UNIVERSIDAD PEDAGOGICA EXPERIMENTAL LIBERTADOR | AF161: UNIVERSIDAD PEDAGOGICA EXPERIMENTAL LIBERTADOR | AG161: 192 | AH161: 192 | AI161: 26-07-2021 | AJ161: 2021-07-26 | AP161: NO APLICA | AR161: NO APLICA | AV161: NO APLICA | AW161: DOCENTE | AX161: DOCENTE | AY161: 9 | AZ161: 9 | BA161: VICERRECTORIA ACADEMICA | BB161: VICERRECTORIA ACADEMICA | BC161: DIRECCION DE CARRERA | BD161: DIRECCION DE CARRERA | BE161: SANTIAGO | BG161: INGENIERIA EN CIENCIA DE DATOS | BH161: INGENIERIA EN CIENCIA DE DATOS | BI161: 12 | BJ161: 12 | BK161: SANTIAGO | BL161: SANTIAGO | BM161: 0 | BO161: 0 | BQ161: 34 | BR161: 34 | BS161: NO APLICA | BT161: NO APLICA | BU161: 5 | BV161: 5 | BW161: 1 | BX161: 1
A162: CARGADO_PES | B162: 8692033 | C162: 6 | D162: LENZ ALCAYAGA ANTONIO STEWAR | H162: Sin accion requerida. | I162: R | J162: R | K162: 8692033 | L162: 8692033 | M162: 6 | N162: 6 | O162: LENZ | P162: LENZ | Q162: ALCAYAGA | R162: ALCAYAGA | S162: ANTONIO STEWAR | T162: ANTONIO STEWAR | U162: H | V162: H | W162: 02-01-1961 | X162: 1961-01-02 | Y162: 38 | Z162: 38 | AA162: 3 | AB162: 3 | AC162: DISENADOR GRAFICO | AD162: DISEÑADOR GRÁFICO | AE162: UNIVERSIDAD DE CHILE | AF162: UNIVERSIDAD DE CHILE | AG162: 38 | AH162: 38 | AI162: 30-07-1986 | AJ162: 1986-07-30 | AP162: NO APLICA | AR162: NO APLICA | AV162: NO APLICA | AW162: DOCENTE | AX162: DOCENTE | AY162: 9 | AZ162: 9 | BA162: VICERRECTORIA ACADEMICA | BB162: VICERRECTORIA ACADEMICA | BC162: DIRECCION DE CARRERA | BD162: DIRECCION DE CARRERA | BE162: SANTIAGO | BG162: FORMACION GENERAL | BH162: FORMACIÓN GENERAL | BI162: 18.5 | BJ162: 18.5 | BK162: SANTIAGO | BL162: SANTIAGO | BM162: 0 | BO162: 0 | BQ162: 25 | BR162: 25 | BS162: NO APLICA | BT162: NO APLICA | BU162: 5 | BV162: 5 | BW162: 1 | BX162: 1
A163: CARGADO_PES | B163: 8727482 | C163: 9 | D163: LAVADOS MEDINA WALDO MANUEL | H163: Sin accion requerida. | I163: R | J163: R | K163: 8727482 | L163: 8727482 | M163: 9 | N163: 9 | O163: LAVADOS | P163: LAVADOS | Q163: MEDINA | R163: MEDINA | S163: WALDO MANUEL | T163: WALDO MANUEL | U163: H | V163: H | W163: 20-06-1960 | X163: 1960-06-20 | Y163: 38 | Z163: 38 | AA163: 2 | AB163: 2 | AC163: MASTER EN MARKETING Y GESTION COMERCIAL | AD163: MASTER EN MARKETING Y GESTION COMERCIAL | AE163: ESCUELA SUPERIOR DE ESTUDIOS DE MARKETING | AF163: ESCUELA SUPERIOR DE ESTUDIOS DE MARKETING | AG163: 59 | AH163: 59 | AI163: 11-05-2001 | AJ163: 2001-05-11 | AP163: NO APLICA | AR163: NO APLICA | AV163: NO APLICA | AW163: DOCENTE | AX163: DOCENTE | AY163: 9 | AZ163: 9 | BA163: VICERRECTORIA ACADEMICA | BB163: VICERRECTORIA ACADEMICA | BC163: DIRECCION DE CARRERA | BD163: DIRECCION DE CARRERA | BE163: SANTIAGO | BG163: INGENIERIA EN ADMINISTRACION | BH163: INGENIERIA EN ADMINISTRACION | BI163: 16 | BJ163: 16 | BK163: SANTIAGO | BL163: SANTIAGO | BM163: 0 | BO163: 0 | BQ163: 16 | BR163: 16 | BS163: NO APLICA | BT163: NO APLICA | BU163: 5 | BV163: 5 | BW163: 1 | BX163: 1
A164: NO_CARGADO_PENDIENTE | B164: 9053267 | C164: 7 | D164: RUZ ESTAY VICTOR FERNANDO | E164: Falta completar un codigo valido del pais donde se obtuvo el titulo o grado.; Falta completar una fecha valida de obtencion del titulo o grado. | F164: PAIS_OBTENCION_TIT_O_GRADO | FECHA_OBT_TIT_O_GRADO | G164: PAIS_OBTENCION_TIT_O_GRADO=#N/A | FECHA_OBT_TIT_O_GRADO=#N/A | H164: Completar dato fuente con respaldo y regenerar candidato PES/SIES. | J164: R | L164: 9053267 | N164: 7 | P164: RUZ | R164: ESTAY | T164: VICTOR FERNANDO | V164: H | X164: 1960-07-23 | Z164: 38 | AB164: 3 | AD164: INGENIERO EN EJECUCIÓN EN PREVENCIÓN DE RIESGO Y MEDIO AMBIENTE | AF164: #N/A | AH164: #N/A | AJ164: #N/A | AP164: NO APLICA | AR164: NO APLICA | AV164: NO APLICA | AX164: DOCENTE | AZ164: 9 | BB164: VICERRECTORIA ACADEMICA | BD164: DIRECCION DE CARRERA | BH164: INGENIERIA EN PREVENCION DE RIESGOS | BJ164: 5 | BL164: SANTIAGO | BR164: 5 | BT164: NO APLICA | BV164: 5 | BX164: 1
A165: NO_CARGADO_PENDIENTE | B165: 9092724 | C165: 8 | D165: ZAPATA MARTÍNEZ ENRIQUE EDUARDO | E165: Falta completar un codigo valido de nivel de formacion academico.; Falta completar un codigo valido del pais donde se obtuvo el titulo o grado.; Falta completar una fecha valida de obtencion del titulo o grado. | F165: NIVEL_FORMACION_ACADEMICO | PAIS_OBTENCION_TIT_O_GRADO | FECHA_OBT_TIT_O_GRADO | G165: NIVEL_FORMACION_ACADEMICO=#N/A | PAIS_OBTENCION_TIT_O_GRADO=#N/A | FECHA_OBT_TIT_O_GRADO=#N/A | H165: Completar dato fuente con respaldo y regenerar candidato PES/SIES. | J165: R | L165: 9092724 | N165: 8 | P165: ZAPATA | R165: MARTÍNEZ | T165: ENRIQUE EDUARDO | V165: H | X165: 1976-02-06 | Z165: 38 | AB165: #N/A | AD165: TRABAJADOR SOCIAL | AF165: #N/A | AH165: #N/A | AJ165: #N/A | AP165: NO APLICA | AR165: NO APLICA | AV165: NO APLICA | AX165: DOCENTE | AZ165: 9 | BB165: VICERRECTORIA ACADEMICA | BD165: DIRECCION DE CARRERA | BH165: FORMACIÓN GENERAL | BJ165: 11 | BL165: SANTIAGO | BR165: 11 | BT165: NO APLICA | BV165: 5 | BX165: 1
A166: CARGADO_PES | B166: 9486130 | C166: 6 | D166: OLMOS MENA LUIS EUGENIO | H166: Sin accion requerida. | I166: R | J166: R | K166: 9486130 | L166: 9486130 | M166: 6 | N166: 6 | O166: OLMOS | P166: OLMOS | Q166: MENA | R166: MENA | S166: LUIS EUGENIO | T166: LUIS EUGENIO | U166: H | V166: H | W166: 17-07-1963 | X166: 1963-07-17 | Y166: 38 | Z166: 38 | AA166: 3 | AB166: 3 | AC166: INGENIERO COMERCIAL | AD166: INGENIERO COMERCIAL | AE166: UNIVERSIDAD DE VALPARAISO | AF166: UNIVERSIDAD DE VALPARAISO | AG166: 38 | AH166: 38 | AI166: 09-01-2025 | AJ166: 2025-01-09 | AP166: NO APLICA | AR166: NO APLICA | AV166: NO APLICA | AW166: DOCENTE | AX166: DOCENTE | AY166: 9 | AZ166: 9 | BA166: VICERRECTORIA ACADEMICA | BB166: VICERRECTORIA ACADEMICA | BC166: DIRECCION DE CARRERA | BD166: DIRECCION DE CARRERA | BE166: SANTIAGO | BG166: FORMACION GENERAL | BH166: FORMACIÓN GENERAL | BI166: 25 | BJ166: 25 | BK166: SANTIAGO | BL166: SANTIAGO | BM166: 0 | BO166: 0 | BQ166: 31 | BR166: 31 | BS166: NO APLICA | BT166: NO APLICA | BU166: 5 | BV166: 5 | BW166: 1 | BX166: 1
A167: CARGADO_PES | B167: 9901904 | C167: 2 | D167: VILLAGRÁN SALAZAR CRISTIÁN | H167: Sin accion requerida. | I167: R | J167: R | K167: 9901904 | L167: 9901904 | M167: 2 | N167: 2 | O167: VILLAGRAN | P167: VILLAGRÁN | Q167: SALAZAR | R167: SALAZAR | S167: CRISTIAN | T167: CRISTIÁN | U167: H | V167: H | W167: 07-05-1965 | X167: 1965-05-07 | Y167: 38 | Z167: 38 | AA167: 5 | AB167: 5 | AC167: TECNICO EN PROGRAMACION EN COMPUTACION | AD167: TÉCNICO EN PROGRAMACIÓN EN COMPUTACIÓN | AE167: INSTITUTO PROFESIONAL CIISA | AF167: INSTITUTO PROFESIONAL CIISA | AG167: 38 | AH167: 38 | AI167: 28-11-1991 | AJ167: 1991-11-28 | AP167: NO APLICA | AR167: NO APLICA | AV167: NO APLICA | AW167: DOCENTE | AX167: DOCENTE | AY167: 9 | AZ167: 9 | BA167: VICERRECTORIA ACADEMICA | BB167: VICERRECTORIA ACADEMICA | BC167: DIRECCION DE CARRERA | BD167: DIRECCION DE CARRERA | BE167: SANTIAGO | BG167: INGENIERIA EN INFORMATICA | BH167: INGENIERIA EN INFORMATICA | BI167: 12 | BJ167: 12 | BK167: SANTIAGO | BL167: SANTIAGO | BM167: 0 | BO167: 0 | BQ167: 12 | BR167: 12 | BS167: NO APLICA | BT167: NO APLICA | BU167: 5 | BV167: 5 | BW167: 1 | BX167: 1
A168: CARGADO_PES | B168: 12232465 | C168: 6 | D168: CASANELLO FRISIUS FEDERICO GUILLERMO | H168: Sin accion requerida. | I168: R | J168: R | K168: 12232465 | L168: 12232465 | M168: 6 | N168: 6 | O168: CASANELLO | P168: CASANELLO | Q168: FRISIUS | R168: FRISIUS | S168: FEDERICO GUILLERMO | T168: FEDERICO GUILLERMO | U168: H | V168: H | W168: 07-09-1972 | X168: 1972-09-07 | Y168: 38 | Z168: 38 | AA168: 2 | AB168: 2 | AC168: MAGISTER EN CIENCIAS DE LA INGENIERIA | AD168: MAGISTER EN CIENCIAS DE LA INGENIERIA | AE168: PONTIFICIA UNIVERSIDAD CATOLICA DE CHILE | AF168: PONTIFICIA UNIVERSIDAD CATOLICA DE CHILE | AG168: 38 | AH168: 38 | AI168: 21-07-1999 | AJ168: 1999-07-21 | AP168: NO APLICA | AR168: NO APLICA | AV168: NO APLICA | AW168: RECTOR | AX168: RECTOR | AY168: 1 | AZ168: 1 | BA168: RECTORIA | BB168: RECTORIA | BC168: RECTORIA | BD168: RECTORIA | BE168: SANTIAGO | BF168: SANTIAGO | BG168: GESTION | BH168: GESTION | BI168: 42 | BJ168: 42 | BK168: SANTIAGO | BL168: SANTIAGO | BM168: 42 | BN168: 42 | BO168: 0 | BP168: 0 | BQ168: 0 | BR168: 0 | BS168: NO APLICA | BT168: NO APLICA | BU168: 5 | BV168: 5 | BW168: 1 | BX168: 1
A169: CARGADO_PES | B169: 10324958 | C169: 9 | D169: MONSALVE MORAGA IVETTE | H169: Sin accion requerida. | I169: R | J169: R | K169: 10324958 | L169: 10324958 | M169: 9 | N169: 9 | O169: MONSALVE | P169: MONSALVE | Q169: MORAGA | R169: MORAGA | S169: IVETTE | T169: IVETTE | U169: M | V169: M | W169: 13-05-1966 | X169: 1966-05-13 | Y169: 38 | Z169: 38 | AA169: 2 | AB169: 2 | AC169: MAGISTER INTERNACIONAL EN ELEARNING ESPECIALIDAD EN DISENO INSTRUCCIONAL | AD169: MAGISTER INTERNACIONAL EN ELEARNING ESPECIALIDAD EN DISENO INSTRUCCIONAL | AE169: UNIVERSIDAD UOC | AF169: UNIVERSIDAD UOC | AG169: 59 | AH169: 59 | AI169: 15-10-2007 | AJ169: 2007-10-15 | AP169: NO APLICA | AR169: NO APLICA | AV169: NO APLICA | AW169: VICERRECTOR ACADEMICO | AX169: VICERRECTOR ACADEMICO | AY169: 2 | AZ169: 2 | BA169: RECTORIA | BB169: RECTORIA | BC169: RECTORIA | BD169: RECTORIA | BE169: SANTIAGO | BF169: SANTIAGO | BG169: GESTION | BH169: GESTION | BI169: 42 | BJ169: 42 | BK169: SANTIAGO | BL169: SANTIAGO | BM169: 42 | BN169: 42 | BO169: 0 | BP169: 0 | BQ169: 0 | BR169: 0 | BS169: NO APLICA | BT169: NO APLICA | BU169: 5 | BV169: 5 | BW169: 1 | BX169: 1
A170: CARGADO_PES | B170: 14244828 | C170: 9 | D170: CRETTON BECERRA ROBERTO | H170: Sin accion requerida. | I170: R | J170: R | K170: 14244828 | L170: 14244828 | M170: 9 | N170: 9 | O170: CRETTON | P170: CRETTON | Q170: BECERRA | R170: BECERRA | S170: ROBERTO | T170: ROBERTO | U170: H | V170: H | W170: 12-09-1974 | X170: 1974-09-12 | Y170: 38 | Z170: 38 | AA170: 2 | AB170: 2 | AC170: MAGISTER EN PLANIFICACION Y GESTION EDUCACIONAL | AD170: MAGISTER EN PLANIFICACION Y GESTION EDUCACIONAL | AE170: UNIVERSIDAD DE LAS AMERICAS | AF170: UNIVERSIDAD DE LAS AMERICAS | AG170: 38 | AH170: 38 | AI170: 24-05-2006 | AJ170: 2006-05-24 | AP170: NO APLICA | AR170: NO APLICA | AV170: NO APLICA | AW170: DIRECTOR DE CARRERA | AX170: DIRECTOR DE CARRERA | AY170: 9 | AZ170: 9 | BA170: VICERRECTORIA ACADEMICA | BB170: VICERRECTORIA ACADEMICA | BC170: DIRECCIONSECTORIAL | BD170: DIRECCIONSECTORIAL | BE170: SANTIAGO | BF170: SANTIAGO | BG170: GESTION | BH170: GESTION | BI170: 12 | BJ170: 12 | BK170: SANTIAGO | BL170: SANTIAGO | BM170: 12 | BN170: 12 | BO170: 0 | BP170: 0 | BQ170: 0 | BR170: 0 | BS170: NO APLICA | BT170: NO APLICA | BU170: 5 | BV170: 5 | BW170: 1 | BX170: 1
A171: CARGADO_PES | B171: 15774789 | C171: 4 | D171: DUQUE JAUREGUI CARLOS | H171: Sin accion requerida. | I171: R | J171: R | K171: 15774789 | L171: 15774789 | M171: 4 | N171: 4 | O171: DUQUE | P171: DUQUE | Q171: JAUREGUI | R171: JAUREGUI | S171: CARLOS | T171: CARLOS | U171: H | V171: H | W171: 19-03-1984 | X171: 1984-03-19 | Y171: 38 | Z171: 38 | AA171: 3 | AB171: 3 | AC171: INGENIERO EN GESTION INFORMATICA | AD171: INGENIERO EN GESTION INFORMATICA | AE171: UNIVERSIDAD ANDRES BELLO | AF171: UNIVERSIDAD ANDRÉS BELLO | AG171: 38 | AH171: 38 | AI171: 20-01-2010 | AJ171: 2010-01-20 | AP171: NO APLICA | AR171: NO APLICA | AV171: NO APLICA | AW171: DIRECTOR DE CARRERA | AX171: DIRECTOR DE CARRERA | AY171: 5 | AZ171: 5 | BA171: VICERRECTORIA ACADEMICA | BB171: VICERRECTORIA ACADEMICA | BC171: DIRECCION SECTORIAL | BD171: DIRECCION SECTORIAL | BE171: SANTIAGO | BF171: SANTIAGO | BG171: GESTION | BH171: GESTION | BI171: 42 | BJ171: 42 | BK171: SANTIAGO | BL171: SANTIAGO | BM171: 42 | BN171: 42 | BO171: 0 | BP171: 0 | BQ171: 0 | BR171: 0 | BS171: NO APLICA | BT171: NO APLICA | BU171: 5 | BV171: 5 | BW171: 1 | BX171: 1
A172: CARGADO_PES | B172: 16977331 | C172: 9 | D172: BRAVO TAPIA NATALIA PAZ | H172: Sin accion requerida. | I172: R | J172: R | K172: 16977331 | L172: 16977331 | M172: 9 | N172: 9 | O172: BRAVO | P172: BRAVO | Q172: TAPIA | R172: TAPIA | S172: NATALIA PAZ | T172: NATALIA PAZ | U172: M | V172: M | W172: 08-11-1988 | X172: 1988-11-08 | Y172: 38 | Z172: 38 | AA172: 2 | AB172: 2 | AC172: MAGISTER EN DIRECCION DE EMPRESAS MBA | AD172: MAGISTER EN DIRECCION DE EMPRESAS MBA | AE172: UNIVERSIDAD DIEGO PORTALES | AF172: UNIVERSIDAD DIEGO PORTALES | AG172: 38 | AH172: 38 | AI172: 18-01-2018 | AJ172: 2018-01-18 | AP172: NO APLICA | AR172: NO APLICA | AV172: NO APLICA | AW172: DIRECTOR SECTORIAL | AX172: DIRECTOR SECTORIAL | AY172: 3 | AZ172: 3 | BA172: VICERRECTORIA ACADEMICA | BB172: VICERRECTORIA ACADEMICA | BC172: DIRECCION SECTORIAL | BD172: DIRECCION SECTORIAL | BE172: SANTIAGO | BF172: SANTIAGO | BG172: GESTION | BH172: GESTION | BI172: 42 | BJ172: 42 | BK172: SANTIAGO | BL172: SANTIAGO | BM172: 42 | BN172: 42 | BO172: 0 | BP172: 0 | BQ172: 0 | BR172: 0 | BS172: NO APLICA | BT172: NO APLICA | BU172: 5 | BV172: 5 | BW172: 1 | BX172: 1
A173: CARGADO_PES | B173: 15344263 | C173: 0 | D173: OTAZO MUÑOZ SEBASTIAN RICARDO | H173: Sin accion requerida. | I173: R | J173: R | K173: 15344263 | L173: 15344263 | M173: 0 | N173: 0 | O173: OTAZO | P173: OTAZO | Q173: MUNOZ | R173: MUÑOZ | S173: SEBASTIAN RICARDO | T173: SEBASTIAN RICARDO | U173: H | V173: H | W173: 06-05-1982 | X173: 1982-05-06 | Y173: 38 | Z173: 38 | AA173: 3 | AB173: 3 | AC173: INGENIERO EN CONECTIVIDAD Y REDES | AD173: INGENIERO EN CONECTIVIDAD Y REDES | AE173: INSTITUTO PROFESIONAL CIISA | AF173: INSTITUTO PROFESIONAL CIISA | AG173: 38 | AH173: 38 | AI173: 27-01-2014 | AJ173: 2014-01-27 | AP173: NO APLICA | AR173: NO APLICA | AV173: NO APLICA | AW173: DIRECTOR SECTORIAL | AX173: DIRECTOR SECTORIAL | AY173: 5 | AZ173: 5 | BA173: VICERRECTORIA ACADEMICA | BB173: VICERRECTORIA ACADEMICA | BC173: DIRECCION DE CARRERA | BD173: DIRECCION DE CARRERA | BE173: SANTIAGO | BF173: SANTIAGO | BG173: GESTION | BH173: GESTION | BI173: 42 | BJ173: 42 | BK173: SANTIAGO | BL173: SANTIAGO | BM173: 42 | BN173: 42 | BO173: 0 | BP173: 0 | BQ173: 0 | BR173: 0 | BS173: NO APLICA | BT173: NO APLICA | BU173: 5 | BV173: 5 | BW173: 1 | BX173: 1
A174: CARGADO_PES | B174: 17239814 | C174: 6 | D174: TORRES MUÑOZ CAMILA ANDREA | H174: Sin accion requerida. | I174: R | J174: R | K174: 17239814 | L174: 17239814 | M174: 6 | N174: 6 | O174: TORRES | P174: TORRES | Q174: MUNOZ | R174: MUÑOZ | S174: CAMILA ANDREA | T174: CAMILA ANDREA | U174: M | V174: M | W174: 04-10-1989 | X174: 1989-10-04 | Y174: 38 | Z174: 38 | AA174: 2 | AB174: 2 | AC174: MAGISTER EN EDUCACION MENCION DOCENCIA PARA LA EDUCACION SUPERIOR | AD174: MAGISTER EN EDUCACION MENCION DOCENCIA PARA LA EDUCACION SUPERIOR | AE174: UCINF | AF174: UCINF | AG174: 38 | AH174: 38 | AI174: 01-01-2019 | AJ174: 2019-01-01 | AP174: NO APLICA | AR174: NO APLICA | AV174: NO APLICA | AW174: DIRECTOR SECTORIAL | AX174: DIRECTOR SECTORIAL | AY174: 3 | AZ174: 3 | BA174: VICERRECTORIA ACADEMICA | BB174: VICERRECTORIA ACADEMICA | BC174: DIRECCION SECTORIAL | BD174: DIRECCION SECTORIAL | BE174: SANTIAGO | BF174: SANTIAGO | BG174: GESTION | BH174: GESTION | BI174: 42 | BJ174: 42 | BK174: SANTIAGO | BL174: SANTIAGO | BM174: 42 | BN174: 42 | BO174: 0 | BP174: 0 | BQ174: 0 | BR174: 0 | BS174: NO APLICA | BT174: NO APLICA | BU174: 5 | BV174: 5 | BW174: 1 | BX174: 1
A175: CARGADO_PES | B175: 18544431 | C175: 7 | D175: LEMUS ARROYO KATHERINE ROXANA | H175: Sin accion requerida. | I175: R | J175: R | K175: 18544431 | L175: 18544431 | M175: 7 | N175: 7 | O175: LEMUS | P175: LEMUS | Q175: ARROYO | R175: ARROYO | S175: KATHERINE ROXANA | T175: KATHERINE ROXANA | U175: M | V175: M | W175: 21-05-1993 | X175: 1993-05-21 | Y175: 38 | Z175: 38 | AA175: 3 | AB175: 3 | AC175: PERIODISTA | AD175: PERIODISTA | AE175: UNIACC | AF175: UNIACC | AG175: 38 | AH175: 38 | AI175: 30-10-2024 | AJ175: 2024-10-30 | AP175: NO APLICA | AR175: NO APLICA | AV175: NO APLICA | AW175: COORDINADORA DE CARRERAS | AX175: COORDINADORA DE CARRERAS | AY175: 7 | AZ175: 7 | BA175: VICERRECTORIA ACADEMICA | BB175: VICERRECTORIA ACADEMICA | BC175: DIRECCION DE CARRERA | BD175: DIRECCION DE CARRERA | BE175: SANTIAGO | BF175: SANTIAGO | BG175: GESTION | BH175: GESTION | BI175: 42 | BJ175: 42 | BK175: SANTIAGO | BL175: SANTIAGO | BM175: 42 | BN175: 42 | BO175: 0 | BP175: 0 | BQ175: 0 | BR175: 0 | BS175: NO APLICA | BT175: NO APLICA | BU175: 5 | BV175: 5 | BW175: 1 | BX175: 1
...

Sheet RESUMEN_EJECUTIVO
A1: Resumen ejecutivo Personal Academico 2026
A2: Carga PES/SIES en la Institucion | Generado: 2026-06-12T15:40:57
A5: Base original | E5: Cargados PES/SIES | I5: Pendientes | M5: % carga efectiva
A6: =TABLAS_RESUMEN!B3 -> 0 | E6: =TABLAS_RESUMEN!B4 -> 0 | I6: =TABLAS_RESUMEN!B5 -> 0 | M6: =TABLAS_RESUMEN!B6 -> 0
A8: Horas totales | E8: JCE total | I8: Magister | M8: Doctorado
A9: =TABLAS_RESUMEN!B8 -> 0 | E9: =TABLAS_RESUMEN!B9 -> 0 | I9: =TABLAS_RESUMEN!B16 -> 0 | M9: =TABLAS_RESUMEN!B18 -> 0
A14: Bloque 1: Resultado de carga PES/SIES - pendientes por motivo | G14: Bloque 2: Dedicacion horaria y JCE | L14: Bloque 3: Formacion academica
A15: =TABLAS_RESUMEN!A110 -> 0 | B15: =TABLAS_RESUMEN!B110 -> 0 | C15: =TABLAS_RESUMEN!C110 -> 0 | D15: =TABLAS_RESUMEN!D110 -> 0 | E15: =TABLAS_RESUMEN!E110 -> 0 | G15: =TABLAS_RESUMEN!A27 -> 0 | H15: =TABLAS_RESUMEN!B27 -> 0 | I15: =TABLAS_RESUMEN!C27 -> 0 | L15: =TABLAS_RESUMEN!A34 -> 0 | M15: =TABLAS_RESUMEN!B34 -> 0 | N15: =TABLAS_RESUMEN!C34 -> 0
A16: =TABLAS_RESUMEN!A111 -> 0 | B16: =TABLAS_RESUMEN!B111 -> 0 | C16: =TABLAS_RESUMEN!C111 -> 0 | D16: =TABLAS_RESUMEN!D111 -> 0 | E16: =TABLAS_RESUMEN!E111 -> 0 | G16: =TABLAS_RESUMEN!A28 -> 0 | H16: =TABLAS_RESUMEN!B28 -> 0 | I16: =TABLAS_RESUMEN!C28 -> 0 | L16: =TABLAS_RESUMEN!A35 -> 0 | M16: =TABLAS_RESUMEN!B35 -> 0 | N16: =TABLAS_RESUMEN!C35 -> 0
A17: =TABLAS_RESUMEN!A112 -> 0 | B17: =TABLAS_RESUMEN!B112 -> 0 | C17: =TABLAS_RESUMEN!C112 -> 0 | D17: =TABLAS_RESUMEN!D112 -> 0 | E17: =TABLAS_RESUMEN!E112 -> 0 | G17: =TABLAS_RESUMEN!A29 -> 0 | H17: =TABLAS_RESUMEN!B29 -> 0 | I17: =TABLAS_RESUMEN!C29 -> 0 | L17: =TABLAS_RESUMEN!A36 -> 0 | M17: =TABLAS_RESUMEN!B36 -> 0 | N17: =TABLAS_RESUMEN!C36 -> 0
A18: =TABLAS_RESUMEN!A113 -> 0 | B18: =TABLAS_RESUMEN!B113 -> 0 | C18: =TABLAS_RESUMEN!C113 -> 0 | D18: =TABLAS_RESUMEN!D113 -> 0 | E18: =TABLAS_RESUMEN!E113 -> 0 | G18: =TABLAS_RESUMEN!A30 -> 0 | H18: =TABLAS_RESUMEN!B30 -> 0 | I18: =TABLAS_RESUMEN!C30 -> 0 | L18: =TABLAS_RESUMEN!A37 -> 0 | M18: =TABLAS_RESUMEN!B37 -> 0 | N18: =TABLAS_RESUMEN!C37 -> 0
A19: =TABLAS_RESUMEN!A114 -> 0 | B19: =TABLAS_RESUMEN!B114 -> 0 | C19: =TABLAS_RESUMEN!C114 -> 0 | D19: =TABLAS_RESUMEN!D114 -> 0 | E19: =TABLAS_RESUMEN!E114 -> 0 | L19: =TABLAS_RESUMEN!A38 -> 0 | M19: =TABLAS_RESUMEN!B38 -> 0 | N19: =TABLAS_RESUMEN!C38 -> 0
A20: =TABLAS_RESUMEN!A115 -> 0 | B20: =TABLAS_RESUMEN!B115 -> 0 | C20: =TABLAS_RESUMEN!C115 -> 0 | D20: =TABLAS_RESUMEN!D115 -> 0 | E20: =TABLAS_RESUMEN!E115 -> 0 | L20: =TABLAS_RESUMEN!A39 -> 0 | M20: =TABLAS_RESUMEN!B39 -> 0 | N20: =TABLAS_RESUMEN!C39 -> 0
L21: =TABLAS_RESUMEN!A40 -> 0 | M21: =TABLAS_RESUMEN!B40 -> 0 | N21: =TABLAS_RESUMEN!C40 -> 0
A27: Bloque 4: Composicion academica - cargos | G27: Bloque 4: Programa principal top 10 | M27: Bloque 5: Transformaciones tecnicas
A28: =TABLAS_RESUMEN!A67 -> 0 | B28: =TABLAS_RESUMEN!B67 -> 0 | C28: =TABLAS_RESUMEN!C67 -> 0 | G28: =TABLAS_RESUMEN!A168 -> 0 | H28: =TABLAS_RESUMEN!B168 -> 0 | I28: =TABLAS_RESUMEN!C168 -> 0 | J28: =TABLAS_RESUMEN!D168 -> 0 | M28: =TABLAS_RESUMEN!A126 -> 0 | N28: =TABLAS_RESUMEN!B126 -> 0 | O28: =TABLAS_RESUMEN!C126 -> 0
A29: =TABLAS_RESUMEN!A68 -> 0 | B29: =TABLAS_RESUMEN!B68 -> 0 | C29: =TABLAS_RESUMEN!C68 -> 0 | G29: =TABLAS_RESUMEN!A169 -> 0 | H29: =TABLAS_RESUMEN!B169 -> 0 | I29: =TABLAS_RESUMEN!C169 -> 0 | J29: =TABLAS_RESUMEN!D169 -> 0 | M29: =TABLAS_RESUMEN!A127 -> 0 | N29: =TABLAS_RESUMEN!B127 -> 0 | O29: =TABLAS_RESUMEN!C127 -> 0
A30: =TABLAS_RESUMEN!A69 -> 0 | B30: =TABLAS_RESUMEN!B69 -> 0 | C30: =TABLAS_RESUMEN!C69 -> 0 | G30: =TABLAS_RESUMEN!A170 -> 0 | H30: =TABLAS_RESUMEN!B170 -> 0 | I30: =TABLAS_RESUMEN!C170 -> 0 | J30: =TABLAS_RESUMEN!D170 -> 0 | M30: =TABLAS_RESUMEN!A128 -> 0 | N30: =TABLAS_RESUMEN!B128 -> 0 | O30: =TABLAS_RESUMEN!C128 -> 0
A31: =TABLAS_RESUMEN!A70 -> 0 | B31: =TABLAS_RESUMEN!B70 -> 0 | C31: =TABLAS_RESUMEN!C70 -> 0 | G31: =TABLAS_RESUMEN!A171 -> 0 | H31: =TABLAS_RESUMEN!B171 -> 0 | I31: =TABLAS_RESUMEN!C171 -> 0 | J31: =TABLAS_RESUMEN!D171 -> 0 | M31: =TABLAS_RESUMEN!A129 -> 0 | N31: =TABLAS_RESUMEN!B129 -> 0 | O31: =TABLAS_RESUMEN!C129 -> 0
A32: =TABLAS_RESUMEN!A71 -> 0 | B32: =TABLAS_RESUMEN!B71 -> 0 | C32: =TABLAS_RESUMEN!C71 -> 0 | G32: =TABLAS_RESUMEN!A172 -> 0 | H32: =TABLAS_RESUMEN!B172 -> 0 | I32: =TABLAS_RESUMEN!C172 -> 0 | J32: =TABLAS_RESUMEN!D172 -> 0 | M32: =TABLAS_RESUMEN!A130 -> 0 | N32: =TABLAS_RESUMEN!B130 -> 0 | O32: =TABLAS_RESUMEN!C130 -> 0
A33: =TABLAS_RESUMEN!A72 -> 0 | B33: =TABLAS_RESUMEN!B72 -> 0 | C33: =TABLAS_RESUMEN!C72 -> 0 | G33: =TABLAS_RESUMEN!A173 -> 0 | H33: =TABLAS_RESUMEN!B173 -> 0 | I33: =TABLAS_RESUMEN!C173 -> 0 | J33: =TABLAS_RESUMEN!D173 -> 0 | M33: =TABLAS_RESUMEN!A131 -> 0 | N33: =TABLAS_RESUMEN!B131 -> 0 | O33: =TABLAS_RESUMEN!C131 -> 0
A34: =TABLAS_RESUMEN!A73 -> 0 | B34: =TABLAS_RESUMEN!B73 -> 0 | C34: =TABLAS_RESUMEN!C73 -> 0 | G34: =TABLAS_RESUMEN!A174 -> 0 | H34: =TABLAS_RESUMEN!B174 -> 0 | I34: =TABLAS_RESUMEN!C174 -> 0 | J34: =TABLAS_RESUMEN!D174 -> 0 | M34: =TABLAS_RESUMEN!A132 -> 0 | N34: =TABLAS_RESUMEN!B132 -> 0 | O34: =TABLAS_RESUMEN!C132 -> 0
A35: =TABLAS_RESUMEN!A74 -> 0 | B35: =TABLAS_RESUMEN!B74 -> 0 | C35: =TABLAS_RESUMEN!C74 -> 0 | G35: =TABLAS_RESUMEN!A175 -> 0 | H35: =TABLAS_RESUMEN!B175 -> 0 | I35: =TABLAS_RESUMEN!C175 -> 0 | J35: =TABLAS_RESUMEN!D175 -> 0 | M35: =TABLAS_RESUMEN!A133 -> 0 | N35: =TABLAS_RESUMEN!B133 -> 0 | O35: =TABLAS_RESUMEN!C133 -> 0
G36: =TABLAS_RESUMEN!A176 -> 0 | H36: =TABLAS_RESUMEN!B176 -> 0 | I36: =TABLAS_RESUMEN!C176 -> 0 | J36: =TABLAS_RESUMEN!D176 -> 0
G37: =TABLAS_RESUMEN!A177 -> 0 | H37: =TABLAS_RESUMEN!B177 -> 0 | I37: =TABLAS_RESUMEN!C177 -> 0 | J37: =TABLAS_RESUMEN!D177 -> 0
A44: Bloque 6: Alertas ejecutivas
A45: =TABLAS_RESUMEN!A201 -> 0 | B45: =TABLAS_RESUMEN!B201 -> 0 | C45: =TABLAS_RESUMEN!C201 -> 0 | D45: =TABLAS_RESUMEN!D201 -> 0
A46: =TABLAS_RESUMEN!A202 -> 0 | B46: =TABLAS_RESUMEN!B202 -> 0 | C46: =TABLAS_RESUMEN!C202 -> 0 | D46: =TABLAS_RESUMEN!D202 -> 0
A47: =TABLAS_RESUMEN!A203 -> 0 | B47: =TABLAS_RESUMEN!B203 -> 0 | C47: =TABLAS_RESUMEN!C203 -> 0 | D47: =TABLAS_RESUMEN!D203 -> 0
A48: =TABLAS_RESUMEN!A204 -> 0 | B48: =TABLAS_RESUMEN!B204 -> 0 | C48: =TABLAS_RESUMEN!C204 -> 0 | D48: =TABLAS_RESUMEN!D204 -> 0
A49: =TABLAS_RESUMEN!A205 -> 0 | B49: =TABLAS_RESUMEN!B205 -> 0 | C49: =TABLAS_RESUMEN!C205 -> 0 | D49: =TABLAS_RESUMEN!D205 -> 0
A50: =TABLAS_RESUMEN!A206 -> 0 | B50: =TABLAS_RESUMEN!B206 -> 0 | C50: =TABLAS_RESUMEN!C206 -> 0 | D50: =TABLAS_RESUMEN!D206 -> 0
A52: Nota metodologica: Indicadores calculados desde BASE_KPI y TABLAS_RESUMEN. Archivo generado con XlsxWriter, sin tablas dinamicas nativas. | J52: Doctorado = 0: No se identifican academicos con doctorado segun los datos cargados y criterios de calculo disponibles.
A55: Diferencias ORIGINAL vs SIES: corresponden principalmente a transformaciones tecnicas necesarias para carga PES/SIES: formato de fechas, normalizacion de texto, horas vacias a 0, comuna completada y limpieza de especialidad. No representan necesariamente cambios sustantivos del dato academico.
A58: Continuidad institucional: La serie historica se mantiene por continuidad del Codigo SIES 162. Aunque la institucion aparece historicamente como IP CIISA/CIISA y actualmente corresponde a IP San Sebastian, el analisis compara la misma entidad institucional por codigo SIES, no por coincidencia textual de nombre.

Sheet BASE_KPI
A1: ESTADO_CARGA_PES | B1: NUM_DOCUMENTO | C1: DV | D1: NOMBRE_COMPLETO | E1: MOTIVO_NO_CARGA_LEGIBLE | F1: COLUMNAS_OBSERVADAS | G1: ACCION_REQUERIDA_LEGIBLE | H1: SEXO | I1: SEXO_ETIQUETA | J1: FECHA_NACIMIENTO | K1: EDAD_AL_31_05_2026 | L1: TRAMO_EDAD | M1: NACIONALIDAD | N1: NIVEL_FORMACION_ACADEMICO | O1: NIVEL_FORMACION_ACADEMICO_ETIQUETA | P1: NOMBRE_TITULO_O_GRADO | Q1: PAIS_OBTENCION_TIT_O_GRADO | R1: FECHA_OBT_TIT_O_GRADO | S1: ANIOS_DESDE_TITULO | T1: TRAMO_ANTIGUEDAD_TITULO | U1: ES_MAGISTER | V1: ES_DOCTORADO | W1: ES_PROFESIONAL_CODIGO_3 | X1: ES_TECNICO_CODIGO_5 | Y1: CARGO_NORMALIZADO | Z1: CARGO_NORMALIZADO_ETIQUETA | AA1: NOMBRE_PRINCIPAL_PROGRAMA | AB1: COMUNA_PRINCIPAL_PROGRAMA | AC1: NUM_HORAS_PLANTA_NUM | AD1: NUM_HORAS_CONTRATA_NUM | AE1: NUM_HORAS_HONORARIOS_NUM | AF1: TOTAL_HORAS_ACADEMICO | AG1: JCE_ESTIMADA | AH1: TIPO_DEDICACION | AI1: TIPO_VINCULO_HORARIO
A2: CARGADO_PES | B2: 10063280 | C2: 2 | D2: ESPINOZA CHAPARRO FLORENCIO | G2: Sin accion requerida. | H2: H | I2: Hombre | J2: 1964-10-12 | K2: 61 | L2: 60 o mas | M2: 38 | N2: 5 | O2: 5 - Técnico de Nivel Superior | P2: PROGRAMADOR DE APLICACIONES | Q2: 38 | R2: 1990-10-20 | S2: 35.6 | T2: 15 anios o mas | U2: No | V2: No | W2: No | X2: Si | Y2: 9 | Z2: 9 - Docente | AA2: INGENIERIA EN CIBERSEGURIDAD | AB2: SANTIAGO | AC2: 0 | AD2: 0 | AE2: 18 | AF2: 18 | AG2: 0.41 | AH2: Media dedicacion | AI2: Solo honorarios
A3: CARGADO_PES | B3: 10393519 | C3: 9 | D3: LOPEZ PARRA JOSÉ JOEL | G3: Sin accion requerida. | H3: H | I3: Hombre | J3: 1966-12-18 | K3: 59 | L3: 50 a 59 | M3: 38 | N3: 3 | O3: 3 - Título Profesional | P3: INGENIERO DE EJECUCIÓN EN ADMINISTRACIÓN Y FINANZAS | Q3: 38 | R3: 2012-07-19 | S3: 13.9 | T3: 10 a 14 anios | U3: No | V3: No | W3: Si | X3: No | Y3: 9 | Z3: 9 - Docente | AA3: INGENIERIA EN ADMINISTRACION DE EMPRESAS | AB3: SANTIAGO | AC3: 0 | AD3: 0 | AE3: 25 | AF3: 25 | AG3: 0.57 | AH3: Alta dedicacion | AI3: Solo honorarios
A4: CARGADO_PES | B4: 10536500 | C4: 4 | D4: GARCIA ROMERO MARIO | G4: Sin accion requerida. | H4: H | I4: Hombre | J4: 1967-04-14 | K4: 59 | L4: 50 a 59 | M4: 38 | N4: 2 | O4: 2 - Magíster | P4: MMAGISTER EN DOCENCIA PARA LA EDUCACIÓN SUPERIOR | Q4: 38 | R4: 2011-11-08 | S4: 14.6 | T4: 10 a 14 anios | U4: Si | V4: No | W4: No | X4: No | Y4: 9 | Z4: 9 - Docente | AA4: FORMACIÓN GENERAL | AB4: SANTIAGO | AC4: 0 | AD4: 0 | AE4: 24.5 | AF4: 24.5 | AG4: 0.56 | AH4: Alta dedicacion | AI4: Solo honorarios
A5: CARGADO_PES | B5: 10727793 | C5: 5 | D5: BRAVO FIGUEROA PATRICIO ANDRÉS | G5: Sin accion requerida. | H5: H | I5: Hombre | J5: 1969-06-02 | K5: 56 | L5: 50 a 59 | M5: 38 | N5: 2 | O5: 2 - Magíster | P5: MAGÍSTER EN GESTIÓN PEDAGÓGICA - CURRICULAR Y PROYECTOS EDUCATIVOS | Q5: 38 | R5: 2023-10-06 | S5: 2.7 | T5: 0 a 4 anios | U5: Si | V5: No | W5: No | X5: No | Y5: 9 | Z5: 9 - Docente | AA5: FORMACIÓN GENERAL | AB5: SANTIAGO | AC5: 0 | AD5: 0 | AE5: 24.5 | AF5: 24.5 | AG5: 0.56 | AH5: Alta dedicacion | AI5: Solo honorarios
A6: CARGADO_PES | B6: 11250569 | C6: 5 | D6: CASAS KRAM DINA MAGDALENA | G6: Sin accion requerida. | H6: M | I6: Mujer | J6: 1968-07-06 | K6: 57 | L6: 50 a 59 | M6: 38 | N6: 2 | O6: 2 - Magíster | P6: MAGÍSTER EN DOCENCIA PARA LA EDUCACIÓN SUPERIOR | Q6: 38 | R6: 2023-07-13 | S6: 2.9 | T6: 0 a 4 anios | U6: Si | V6: No | W6: No | X6: No | Y6: 9 | Z6: 9 - Docente | AA6: TECNICO EN ENFERMERIA | AB6: SANTIAGO | AC6: 0 | AD6: 0 | AE6: 20 | AF6: 20 | AG6: 0.45 | AH6: Media dedicacion | AI6: Solo honorarios
A7: CARGADO_PES | B7: 11481000 | C7: 2 | D7: AGUILAR SANTANA CARLOS ALFREDO | G7: Sin accion requerida. | H7: H | I7: Hombre | J7: 1968-08-21 | K7: 57 | L7: 50 a 59 | M7: 38 | N7: 3 | O7: 3 - Título Profesional | P7: PROFESOR DE MATEMÁTICAS | Q7: 38 | R7: 1996-08-08 | S7: 29.8 | T7: 15 anios o mas | U7: No | V7: No | W7: Si | X7: No | Y7: 9 | Z7: 9 - Docente | AA7: FORMACIÓN GENERAL | AB7: SANTIAGO | AC7: 0 | AD7: 0 | AE7: 10 | AF7: 10 | AG7: 0.23 | AH7: Baja dedicacion | AI7: Solo honorarios
A8: CARGADO_PES | B8: 11613889 | C8: 1 | D8: MENA ZUMARÁN NINROD | G8: Sin accion requerida. | H8: M | I8: Mujer | J8: 1970-02-24 | K8: 56 | L8: 50 a 59 | M8: 38 | N8: 3 | O8: 3 - Título Profesional | P8: INGENIERO EN EJECUCIÓN ELECTRÓNICA | Q8: 38 | R8: 2020-02-18 | S8: 6.3 | T8: 5 a 9 anios | U8: No | V8: No | W8: Si | X8: No | Y8: 9 | Z8: 9 - Docente | AA8: INGENIERIA EN CIBERSEGURIDAD | AB8: SANTIAGO | AC8: 0 | AD8: 0 | AE8: 3 | AF8: 3 | AG8: 0.07 | AH8: Baja dedicacion | AI8: Solo honorarios
A9: CARGADO_PES | B9: 11640980 | C9: 1 | D9: LARA ORELLANA PATRICIO ANDRÉS | G9: Sin accion requerida. | H9: H | I9: Hombre | J9: 1970-12-15 | K9: 55 | L9: 50 a 59 | M9: 38 | N9: 3 | O9: 3 - Título Profesional | P9: INGENIERO EN EJECUCIÓN EN ADMINISTRACIÓN PÚBLICA | Q9: 38 | R9: 2005-10-25 | S9: 20.6 | T9: 15 anios o mas | U9: No | V9: No | W9: Si | X9: No | Y9: 9 | Z9: 9 - Docente | AA9: ADMINISTRACION PUBLICA | AB9: SANTIAGO | AC9: 0 | AD9: 0 | AE9: 15 | AF9: 15 | AG9: 0.34 | AH9: Media dedicacion | AI9: Solo honorarios
A10: CARGADO_PES | B10: 11944423 | C10: 3 | D10: SUMA DE VILLA NELSON CARVALLO | G10: Sin accion requerida. | H10: H | I10: Hombre | J10: 1972-05-06 | K10: 54 | L10: 50 a 59 | M10: 38 | N10: 4 | O10: 4 - Licenciatura | P10: LICENCIADO EN MATEMÁTICA Y COMPUTACIÓN | Q10: 38 | R10: 1998-05-19 | S10: 28 | T10: 15 anios o mas | U10: No | V10: No | W10: No | X10: No | Y10: 9 | Z10: 9 - Docente | AA10: INGENIERIA EN INFORMATICA | AB10: SANTIAGO | AC10: 0 | AD10: 0 | AE10: 15 | AF10: 15 | AG10: 0.34 | AH10: Media dedicacion | AI10: Solo honorarios
A11: CARGADO_PES | B11: 12141132 | C11: 6 | D11: SANDOVAL TRONCOSO SEBASTIÁN | G11: Sin accion requerida. | H11: H | I11: Hombre | J11: 1970-11-21 | K11: 55 | L11: 50 a 59 | M11: 38 | N11: 3 | O11: 3 - Título Profesional | P11: INGENIERO EN CONECTIVIDAD Y REDES | Q11: 38 | R11: 2025-04-28 | S11: 1.1 | T11: 0 a 4 anios | U11: No | V11: No | W11: Si | X11: No | Y11: 9 | Z11: 9 - Docente | AA11: INGENIERIA EN INFORMATICA | AB11: SANTIAGO | AC11: 0 | AD11: 0 | AE11: 3 | AF11: 3 | AG11: 0.07 | AH11: Baja dedicacion | AI11: Solo honorarios
A12: CARGADO_PES | B12: 12240733 | C12: 0 | D12: ÁLVAREZ MAULÉN MILTON | G12: Sin accion requerida. | H12: H | I12: Hombre | J12: 1972-07-31 | K12: 53 | L12: 50 a 59 | M12: 38 | N12: 3 | O12: 3 - Título Profesional | P12: PROFESOR DE ESTADO EN FÍSICA Y MATEMÁTICA | Q12: 38 | R12: 2009-06-16 | S12: 17 | T12: 15 anios o mas | U12: No | V12: No | W12: Si | X12: No | Y12: 9 | Z12: 9 - Docente | AA12: FORMACIÓN GENERAL | AB12: SANTIAGO | AC12: 0 | AD12: 0 | AE12: 25 | AF12: 25 | AG12: 0.57 | AH12: Alta dedicacion | AI12: Solo honorarios
A13: CARGADO_PES | B13: 12534768 | C13: 1 | D13: MATUS PEZO RODRIGO | G13: Sin accion requerida. | H13: H | I13: Hombre | J13: 1973-11-08 | K13: 52 | L13: 50 a 59 | M13: 38 | N13: 3 | O13: 3 - Título Profesional | P13: INGENIERO DE EJECUCIÓN EN INFORMÁTICA | Q13: 38 | R13: 2004-04-28 | S13: 22.1 | T13: 15 anios o mas | U13: No | V13: No | W13: Si | X13: No | Y13: 9 | Z13: 9 - Docente | AA13: INGENIERIA EN CIBERSEGURIDAD | AB13: SANTIAGO | AC13: 0 | AD13: 0 | AE13: 6 | AF13: 6 | AG13: 0.14 | AH13: Baja dedicacion | AI13: Solo honorarios
... A19: CARGADO_PES | B19: 13191365 | C19: 6 | D19: ERICES GARCIA CAROLINA MARCELA | G19: Sin accion requerida. | H19: M | I19: Mujer | J19: 1977-10-11 | K19: 48 | L19: 40 a 49 | M19: 38 | N19: 2 | O19: 2 - Magíster | P19: MAGISTER EN GESTIÓIN EMPRESARIAL | Q19: 38 | R19: 2024-12-21 | S19: 1.4 | T19: 0 a 4 anios | U19: Si | V19: No | W19: No | X19: No | Y19: 9 | Z19: 9 - Docente | AA19: INGENIERIA EN MARKETING DIGITAL | AB19: SANTIAGO | AC19: 0 | AD19: 0 | AE19: 18 | AF19: 18 | AG19: 0.41 | AH19: Media dedicacion | AI19: Solo honorarios
A20: NO_CARGADO_PENDIENTE | B20: 13255405 | C20: 6 | D20: SEVERINO DIAZ SINDY ARACELY | E20: La fecha de obtencion del titulo/grado es posterior al corte permitido y requiere confirmacion. | F20: FECHA_OBT_TIT_O_GRADO | G20: Validar respaldo de la fecha y autorizar correccion controlada antes de carga complementaria. | H20: M | I20: Mujer | J20: 1977-04-14 | K20: 49 | L20: 40 a 49 | M20: 38 | N20: 3 | O20: 3 - Título Profesional | P20: PROFESORA DE FÍSICA Y MATEMÁTICAS | Q20: 38 | R20: 2027-11-29 | T20: Sin dato | U20: No | V20: No | W20: Si | X20: No | Y20: 9 | Z20: 9 - Docente | AA20: INGENIERIA INDUSTRIAL | AB20: SANTIAGO | AC20: 0 | AD20: 0 | AE20: 12 | AF20: 12 | AG20: 0.27 | AH20: Media dedicacion | AI20: Solo honorarios
A21: CARGADO_PES | B21: 13297154 | C21: 4 | D21: MONTENEGRO FERNÁNDEZ YASNA SOLEDAD | G21: Sin accion requerida. | H21: M | I21: Mujer | J21: 1977-09-08 | K21: 48 | L21: 40 a 49 | M21: 38 | N21: 4 | O21: 4 - Licenciatura | P21: LICENCIADO EN EDUCACIÓN | Q21: 38 | R21: 2024-06-19 | S21: 1.9 | T21: 0 a 4 anios | U21: No | V21: No | W21: No | X21: No | Y21: 9 | Z21: 9 - Docente | AA21: INGENIERIA EN ADMINISTRACION | AB21: SANTIAGO | AC21: 0 | AD21: 0 | AE21: 15 | AF21: 15 | AG21: 0.34 | AH21: Media dedicacion | AI21: Solo honorarios
A22: CARGADO_PES | B22: 13367508 | C22: 6 | D22: ARAVENA CASTILLO VLADIMIR | G22: Sin accion requerida. | H22: H | I22: Hombre | J22: 1978-09-21 | K22: 47 | L22: 40 a 49 | M22: 38 | N22: 3 | O22: 3 - Título Profesional | P22: INGENIERO DE EJECUCIÓN EN ADMINISTRACIÓN DE EMPRESAS | Q22: 38 | R22: 2012-01-10 | S22: 14.4 | T22: 10 a 14 anios | U22: No | V22: No | W22: Si | X22: No | Y22: 9 | Z22: 9 - Docente | AA22: INGENIERIA EN INFORMATICA | AB22: SANTIAGO | AC22: 0 | AD22: 0 | AE22: 24 | AF22: 24 | AG22: 0.55 | AH22: Alta dedicacion | AI22: Solo honorarios
A23: CARGADO_PES | B23: 13469992 | C23: 2 | D23: PALMA HENRIQUEZ JUAN CARLOS | G23: Sin accion requerida. | H23: H | I23: Hombre | J23: 1988-11-10 | K23: 37 | L23: 30 a 39 | M23: 38 | N23: 3 | O23: 3 - Título Profesional | P23: INGENIERO FINANCIERO | Q23: 59 | R23: 2023-12-04 | S23: 2.5 | T23: 0 a 4 anios | U23: No | V23: No | W23: Si | X23: No | Y23: 9 | Z23: 9 - Docente | AA23: FORMACIÓN GENERAL | AB23: SANTIAGO | AC23: 0 | AD23: 0 | AE23: 24 | AF23: 24 | AG23: 0.55 | AH23: Alta dedicacion | AI23: Solo honorarios
A24: CARGADO_PES | B24: 13527605 | C24: 7 | D24: CONTRERAS SAAVEDRA PAOLA RUTH | G24: Sin accion requerida. | H24: M | I24: Mujer | J24: 1978-06-08 | K24: 47 | L24: 40 a 49 | M24: 38 | N24: 2 | O24: 2 - Magíster | P24: MAGISTER EN DOCENCIA PARA LA EDUCACIÓN SUPERIOR | Q24: 38 | R24: 2023-01-25 | S24: 3.3 | T24: 0 a 4 anios | U24: Si | V24: No | W24: No | X24: No | Y24: 9 | Z24: 9 - Docente | AA24: TECNICO EN ENFERMERIA E INSTRUMENTACION QUIRURGICA | AB24: CONCEPCIÓN | AC24: 0 | AD24: 0 | AE24: 7 | AF24: 7 | AG24: 0.16 | AH24: Baja dedicacion | AI24: Solo honorarios
A25: CARGADO_PES | B25: 13666963 | C25: K | D25: SILVA DÍAZ CLAUDIA | G25: Sin accion requerida. | H25: M | I25: Mujer | J25: 1979-10-02 | K25: 46 | L25: 40 a 49 | M25: 38 | N25: 2 | O25: 2 - Magíster | P25: MAGISTER EN DIRECCION Y LIDERAZGO PARA LA GESTION EDUCACIONAL | Q25: 38 | R25: 2023-01-16 | S25: 3.4 | T25: 0 a 4 anios | U25: Si | V25: No | W25: No | X25: No | Y25: 9 | Z25: 9 - Docente | AA25: FORMACIÓN GENERAL | AB25: SANTIAGO | AC25: 0 | AD25: 0 | AE25: 8 | AF25: 8 | AG25: 0.18 | AH25: Baja dedicacion | AI25: Solo honorarios
A26: CARGADO_PES | B26: 13668202 | C26: 4 | D26: POZO BAEZA EDUARDO ANDRÉS | G26: Sin accion requerida. | H26: H | I26: Hombre | J26: 1978-11-04 | K26: 47 | L26: 40 a 49 | M26: 38 | N26: 2 | O26: 2 - Magíster | P26: MAGISTER EN ADMINISTRACION Y DIRECCION DE EMPRESAS | Q26: 38 | R26: 2018-10-26 | S26: 7.6 | T26: 5 a 9 anios | U26: Si | V26: No | W26: No | X26: No | Y26: 9 | Z26: 9 - Docente | AA26: AUDITORIA | AB26: SANTIAGO | AC26: 0 | AD26: 0 | AE26: 11 | AF26: 11 | AG26: 0.25 | AH26: Media dedicacion | AI26: Solo honorarios
A27: CARGADO_PES | B27: 13684591 | C27: 8 | D27: RUBIO ZÚÑIGA GUILLERMO | G27: Sin accion requerida. | H27: H | I27: Hombre | J27: 1979-10-29 | K27: 46 | L27: 40 a 49 | M27: 38 | N27: 3 | O27: 3 - Título Profesional | P27: INGENIERO EN CONECTIVIDAD Y REDES | Q27: 38 | R27: 2009-01-29 | S27: 17.3 | T27: 15 anios o mas | U27: No | V27: No | W27: Si | X27: No | Y27: 9 | Z27: 9 - Docente | AA27: INGENIERIA EN CIBERSEGURIDAD | AB27: SANTIAGO | AC27: 0 | AD27: 0 | AE27: 6 | AF27: 6 | AG27: 0.14 | AH27: Baja dedicacion | AI27: Solo honorarios
A28: CARGADO_PES | B28: 13772126 | C28: 0 | D28: FERNANDEZ SOTO CESAR | G28: Sin accion requerida. | H28: H | I28: Hombre | J28: 1980-01-04 | K28: 46 | L28: 40 a 49 | M28: 38 | N28: 3 | O28: 3 - Título Profesional | P28: INGENIERO CIVIL EN COMPUTACION E INFORMATICA | Q28: 38 | R28: 2009-08-21 | S28: 16.8 | T28: 15 anios o mas | U28: No | V28: No | W28: Si | X28: No | Y28: 9 | Z28: 9 - Docente | AA28: FORMACIÓN GENERAL | AB28: SANTIAGO | AC28: 0 | AD28: 0 | AE28: 13 | AF28: 13 | AG28: 0.3 | AH28: Media dedicacion | AI28: Solo honorarios
A29: CARGADO_PES | B29: 13840494 | C29: 3 | D29: SALDÍVAR FARÍAS AURORA ANDREA | G29: Sin accion requerida. | H29: M | I29: Mujer | J29: 1984-10-03 | K29: 41 | L29: 40 a 49 | M29: 38 | N29: 3 | O29: 3 - Título Profesional | P29: INGENIERA EN RECURSOS HUMANOS | Q29: 38 | R29: 2024-04-19 | S29: 2.1 | T29: 0 a 4 anios | U29: No | V29: No | W29: Si | X29: No | Y29: 9 | Z29: 9 - Docente | AA29: INGENIERIA EN SEGURIDAD PRIVADA | AB29: SANTIAGO | AC29: 0 | AD29: 0 | AE29: 11 | AF29: 11 | AG29: 0.25 | AH29: Media dedicacion | AI29: Solo honorarios
A30: CARGADO_PES | B30: 13888857 | C30: 6 | D30: RODRIGUEZ GUTIERREZ LUIS FERNANDO | G30: Sin accion requerida. | H30: H | I30: Hombre | J30: 1980-11-13 | K30: 45 | L30: 40 a 49 | M30: 38 | N30: 2 | O30: 2 - Magíster | P30: MAGISTER EN EDUCACIÓN MENCIÓN CALIDAD | Q30: 38 | R30: 2018-12-10 | S30: 7.5 | T30: 5 a 9 anios | U30: Si | V30: No | W30: No | X30: No | Y30: 9 | Z30: 9 - Docente | AA30: TECNICO EN ENFERMERIA | AB30: SANTIAGO | AC30: 0 | AD30: 0 | AE30: 12 | AF30: 12 | AG30: 0.27 | AH30: Media dedicacion | AI30: Solo honorarios
A31: CARGADO_PES | B31: 13916058 | C31: 4 | D31: RUBÍ RUBÍ FERNANDO MANUEL | G31: Sin accion requerida. | H31: H | I31: Hombre | J31: 1980-06-30 | K31: 45 | L31: 40 a 49 | M31: 38 | N31: 3 | O31: 3 - Título Profesional | P31: INGENIERO EN GESTIÓN LOGÍSTICA | Q31: 38 | R31: 2021-06-05 | S31: 5 | T31: 5 a 9 anios | U31: No | V31: No | W31: Si | X31: No | Y31: 9 | Z31: 9 - Docente | AA31: INGENIERIA EN LOGISTICA | AB31: SANTIAGO | AC31: 0 | AD31: 0 | AE31: 25 | AF31: 25 | AG31: 0.57 | AH31: Alta dedicacion | AI31: Solo honorarios
A32: CARGADO_PES | B32: 13931726 | C32: 2 | D32: VILLARROEL CATALAN JORGE | G32: Sin accion requerida. | H32: H | I32: Hombre | J32: 1980-09-30 | K32: 45 | L32: 40 a 49 | M32: 38 | N32: 2 | O32: 2 - Magíster | P32: MAGÍSTER EN DATA SCIENCE | Q32: 38 | R32: 2023-08-22 | S32: 2.8 | T32: 0 a 4 anios | U32: Si | V32: No | W32: No | X32: No | Y32: 9 | Z32: 9 - Docente | AA32: INGENIERIA EN INFORMATICA | AB32: SANTIAGO | AC32: 0 | AD32: 0 | AE32: 18 | AF32: 18 | AG32: 0.41 | AH32: Media dedicacion | AI32: Solo honorarios
... A39: CARGADO_PES | B39: 14691289 | C39: 3 | D39: PACHECO TINEO JUANA GUADALUPE | G39: Sin accion requerida. | H39: M | I39: Mujer | J39: 1995-08-10 | K39: 30 | L39: 30 a 39 | M39: 142 | N39: 3 | O39: 3 - Título Profesional | P39: MATRONA | Q39: 38 | R39: 2023-07-27 | S39: 2.8 | T39: 0 a 4 anios | U39: No | V39: No | W39: Si | X39: No | Y39: 9 | Z39: 9 - Docente | AA39: TECNICO EN ENFERMERIA | AB39: SANTIAGO | AC39: 0 | AD39: 0 | AE39: 16 | AF39: 16 | AG39: 0.36 | AH39: Media dedicacion | AI39: Solo honorarios
A40: NO_CARGADO_PENDIENTE | B40: 14713937 | C40: 3 | D40: DIAZ FORONDA CARLOS ALBERTO | E40: Falta completar un codigo valido del pais donde se obtuvo el titulo o grado. | F40: PAIS_OBTENCION_TIT_O_GRADO | G40: Completar dato fuente con respaldo y regenerar candidato PES/SIES. | H40: H | I40: Hombre | J40: 1972-08-22 | K40: 53 | L40: 50 a 59 | M40: 38 | N40: 3 | O40: 3 - Título Profesional | P40: INGENIERO COMERCIAL | Q40: #N/A | R40: 2000-01-21 | S40: 26.4 | T40: 15 anios o mas | U40: No | V40: No | W40: Si | X40: No | Y40: 9 | Z40: 9 - Docente | AA40: INGENIERIA EN FINANZAS | AB40: SANTIAGO | AC40: 0 | AD40: 0 | AE40: 14 | AF40: 14 | AG40: 0.32 | AH40: Media dedicacion | AI40: Solo honorarios
A41: CARGADO_PES | B41: 14741813 | C41: 2 | D41: NAVARRO NAVARRO DAVID | G41: Sin accion requerida. | H41: H | I41: Hombre | J41: 1982-12-08 | K41: 43 | L41: 40 a 49 | M41: 38 | N41: 3 | O41: 3 - Título Profesional | P41: INGENIERO EN MARKETING | Q41: 38 | R41: 2019-01-17 | S41: 7.4 | T41: 5 a 9 anios | U41: No | V41: No | W41: Si | X41: No | Y41: 9 | Z41: 9 - Docente | AA41: INGENIERIA EN INFORMATICA | AB41: SANTIAGO | AC41: 0 | AD41: 0 | AE41: 12 | AF41: 12 | AG41: 0.27 | AH41: Media dedicacion | AI41: Solo honorarios
A42: CARGADO_PES | B42: 15062190 | C42: 9 | D42: MARTÍNEZ LÓPEZ LUIS ALEJANDRO | G42: Sin accion requerida. | H42: H | I42: Hombre | J42: 1981-12-17 | K42: 44 | L42: 40 a 49 | M42: 38 | N42: 3 | O42: 3 - Título Profesional | P42: INGENIERO COMERCIAL | Q42: 38 | R42: 2008-08-01 | S42: 17.8 | T42: 15 anios o mas | U42: No | V42: No | W42: Si | X42: No | Y42: 9 | Z42: 9 - Docente | AA42: INGENIERIA EN ADMINISTRACION | AB42: SANTIAGO | AC42: 0 | AD42: 0 | AE42: 12 | AF42: 12 | AG42: 0.27 | AH42: Media dedicacion | AI42: Solo honorarios
A43: CARGADO_PES | B43: 15100870 | C43: 4 | D43: ZUMAETA ORTIZ ALONSO | G43: Sin accion requerida. | H43: H | I43: Hombre | J43: 1982-09-05 | K43: 43 | L43: 40 a 49 | M43: 38 | N43: 3 | O43: 3 - Título Profesional | P43: CONTADOR AUDITOR | Q43: 38 | R43: 2013-02-11 | S43: 13.3 | T43: 10 a 14 anios | U43: No | V43: No | W43: Si | X43: No | Y43: 9 | Z43: 9 - Docente | AA43: ADMINISTRACION PUBLICA | AB43: SANTIAGO | AC43: 0 | AD43: 0 | AE43: 17 | AF43: 17 | AG43: 0.39 | AH43: Media dedicacion | AI43: Solo honorarios
A44: CARGADO_PES | B44: 15173859 | C44: 1 | D44: OJEDA MORA ANDRÉS EDUARDO | G44: Sin accion requerida. | H44: H | I44: Hombre | J44: 1983-01-03 | K44: 43 | L44: 40 a 49 | M44: 38 | N44: 2 | O44: 2 - Magíster | P44: MAGISTER EN INGENIERÍA INFORMÁTICA | Q44: 38 | R44: 2024-12-19 | S44: 1.4 | T44: 0 a 4 anios | U44: Si | V44: No | W44: No | X44: No | Y44: 9 | Z44: 9 - Docente | AA44: INGENIERIA EN LOGISTICA | AB44: SANTIAGO | AC44: 0 | AD44: 0 | AE44: 23 | AF44: 23 | AG44: 0.52 | AH44: Alta dedicacion | AI44: Solo honorarios
A45: CARGADO_PES | B45: 15283505 | C45: 1 | D45: SILVA CARTES PATRICIO EDUARDO | G45: Sin accion requerida. | H45: H | I45: Hombre | J45: 1983-12-12 | K45: 42 | L45: 40 a 49 | M45: 38 | N45: 3 | O45: 3 - Título Profesional | P45: INGENIERÍA EN INFORMÁTICA | Q45: 38 | R45: 2023-06-28 | S45: 2.9 | T45: 0 a 4 anios | U45: No | V45: No | W45: Si | X45: No | Y45: 9 | Z45: 9 - Docente | AA45: INGENIERIA EN INFORMATICA | AB45: SANTIAGO | AC45: 0 | AD45: 0 | AE45: 18 | AF45: 18 | AG45: 0.41 | AH45: Media dedicacion | AI45: Solo honorarios
A46: CARGADO_PES | B46: 15373842 | C46: 4 | D46: VILLARROEL PALMA DANIEL ANGEL | G46: Sin accion requerida. | H46: H | I46: Hombre | J46: 1982-08-10 | K46: 43 | L46: 40 a 49 | M46: 38 | N46: 2 | O46: 2 - Magíster | P46: MAGISTER EN DOCENCIA PARA LA EDUCACIÓN SUPERIOR | Q46: 38 | R46: 2021-04-14 | S46: 5.1 | T46: 5 a 9 anios | U46: Si | V46: No | W46: No | X46: No | Y46: 9 | Z46: 9 - Docente | AA46: INGENIERIA EN SEGURIDAD PRIVADA | AB46: SANTIAGO | AC46: 0 | AD46: 0 | AE46: 6 | AF46: 6 | AG46: 0.14 | AH46: Baja dedicacion | AI46: Solo honorarios
A47: CARGADO_PES | B47: 15386876 | C47: K | D47: CORTÉS GARRIDO CAROLINA | G47: Sin accion requerida. | H47: M | I47: Mujer | J47: 1980-05-13 | K47: 46 | L47: 40 a 49 | M47: 38 | N47: 3 | O47: 3 - Título Profesional | P47: INGENIERA COMERCIAL | Q47: 38 | R47: 2006-07-21 | S47: 19.9 | T47: 15 anios o mas | U47: No | V47: No | W47: Si | X47: No | Y47: 9 | Z47: 9 - Docente | AA47: FORMACIÓN GENERAL | AB47: CONCEPCIÓN | AC47: 0 | AD47: 0 | AE47: 25 | AF47: 25 | AG47: 0.57 | AH47: Alta dedicacion | AI47: Solo honorarios
A48: CARGADO_PES | B48: 15402413 | C48: 1 | D48: QUINTANILLA GALLEGUILLOS CARLOS ENRIQUE | G48: Sin accion requerida. | H48: H | I48: Hombre | J48: 1982-12-13 | K48: 43 | L48: 40 a 49 | M48: 38 | N48: 3 | O48: 3 - Título Profesional | P48: INGENIERO EN COMPUTACIÓN EN INFORMÁTICA | Q48: 38 | R48: 2013-04-01 | S48: 13.2 | T48: 10 a 14 anios | U48: No | V48: No | W48: Si | X48: No | Y48: 9 | Z48: 9 - Docente | AA48: INGENIERIA EN CIBERSEGURIDAD | AB48: SANTIAGO | AC48: 0 | AD48: 0 | AE48: 11 | AF48: 11 | AG48: 0.25 | AH48: Media dedicacion | AI48: Solo honorarios
A49: CARGADO_PES | B49: 15406848 | C49: 1 | D49: SALVATIERRA GÁLVEZ MARIO ENRIQUE | G49: Sin accion requerida. | H49: H | I49: Hombre | J49: 1982-01-23 | K49: 44 | L49: 40 a 49 | M49: 38 | N49: 3 | O49: 3 - Título Profesional | P49: PROFESOR DE EDUCACIÓN MEDIA EN MATEMÁTICA Y ESTADÍSTICA | Q49: 38 | R49: 2010-01-11 | S49: 16.4 | T49: 15 anios o mas | U49: No | V49: No | W49: Si | X49: No | Y49: 9 | Z49: 9 - Docente | AA49: FORMACIÓN GENERAL | AB49: SANTIAGO | AC49: 0 | AD49: 0 | AE49: 20 | AF49: 20 | AG49: 0.45 | AH49: Media dedicacion | AI49: Solo honorarios
A50: CARGADO_PES | B50: 15426056 | C50: 0 | D50: MALDONADO YAÑEZ ABRAHAM RAÚL | G50: Sin accion requerida. | H50: H | I50: Hombre | J50: 1982-09-05 | K50: 43 | L50: 40 a 49 | M50: 38 | N50: 3 | O50: 3 - Título Profesional | P50: INGENIERO EN PREVENCIÓN DE RIESGOS | Q50: 38 | R50: 2016-04-09 | S50: 10.1 | T50: 10 a 14 anios | U50: No | V50: No | W50: Si | X50: No | Y50: 9 | Z50: 9 - Docente | AA50: INGENIERIA EN LOGISTICA | AB50: SANTIAGO | AC50: 0 | AD50: 0 | AE50: 10 | AF50: 10 | AG50: 0.23 | AH50: Baja dedicacion | AI50: Solo honorarios
A51: CARGADO_PES | B51: 15464798 | C51: 8 | D51: MARDONES MUÑOZ FERNANDO MANUEL | G51: Sin accion requerida. | H51: H | I51: Hombre | J51: 1981-12-16 | K51: 44 | L51: 40 a 49 | M51: 38 | N51: 3 | O51: 3 - Título Profesional | P51: ADMINISTRADOR PUBLICO | Q51: 38 | R51: 2005-06-02 | S51: 21 | T51: 15 anios o mas | U51: No | V51: No | W51: Si | X51: No | Y51: 9 | Z51: 9 - Docente | AA51: ADMINISTRACION PUBLICA | AB51: SANTIAGO | AC51: 0 | AD51: 0 | AE51: 10.5 | AF51: 10.5 | AG51: 0.24 | AH51: Baja dedicacion | AI51: Solo honorarios
A52: CARGADO_PES | B52: 15510668 | C52: 9 | D52: CAMPOS ORELLANA MARIA JOSE | G52: Sin accion requerida. | H52: M | I52: Mujer | J52: 1983-02-17 | K52: 43 | L52: 40 a 49 | M52: 38 | N52: 3 | O52: 3 - Título Profesional | P52: INGENIERO CIVIL INDUSTRIAL | Q52: 38 | R52: 2014-06-03 | S52: 12 | T52: 10 a 14 anios | U52: No | V52: No | W52: Si | X52: No | Y52: 9 | Z52: 9 - Docente | AA52: INGENIERIA EN LOGISTICA | AB52: SANTIAGO | AC52: 0 | AD52: 0 | AE52: 6 | AF52: 6 | AG52: 0.14 | AH52: Baja dedicacion | AI52: Solo honorarios
... A60: CARGADO_PES | B60: 16138166 | C60: 7 | D60: HERNÁNDEZ LLANOS ROXANA INÉS | G60: Sin accion requerida. | H60: M | I60: Mujer | J60: 1988-03-01 | K60: 38 | L60: 30 a 39 | M60: 38 | N60: 2 | O60: 2 - Magíster | P60: MAGÍSTER EN DIRECCIÓN Y GESTIÓN ESTRATÉGICA EN SALUD | Q60: 38 | R60: 2024-10-21 | S60: 1.6 | T60: 0 a 4 anios | U60: Si | V60: No | W60: No | X60: No | Y60: 9 | Z60: 9 - Docente | AA60: TECNICO EN ENFERMERIA | AB60: CONCEPCIÓN | AC60: 0 | AD60: 0 | AE60: 8 | AF60: 8 | AG60: 0.18 | AH60: Baja dedicacion | AI60: Solo honorarios
A61: NO_CARGADO_PENDIENTE | B61: 16172984 | C61: 1 | D61: PONCE ROSALES DANIEL ANDRÉS | E61: Falta completar una fecha valida de obtencion del titulo o grado. | F61: FECHA_OBT_TIT_O_GRADO | G61: Completar dato fuente con respaldo y regenerar candidato PES/SIES. | H61: H | I61: Hombre | J61: 1985-08-25 | K61: 40 | L61: 40 a 49 | M61: 38 | N61: 3 | O61: 3 - Título Profesional | P61: QUIMICO FARMACEUTICO | Q61: 38 | R61: #N/A | T61: Sin dato | U61: No | V61: No | W61: Si | X61: No | Y61: 9 | Z61: 9 - Docente | AA61: TECNICO EN FARMACIA | AB61: SANTIAGO | AC61: 0 | AD61: 0 | AE61: 4 | AF61: 4 | AG61: 0.09 | AH61: Baja dedicacion | AI61: Solo honorarios
A62: CARGADO_PES | B62: 16211814 | C62: 5 | D62: FRANCAVILA DIAZ TAMARA ANDREA | G62: Sin accion requerida. | H62: M | I62: Mujer | J62: 1986-09-25 | K62: 39 | L62: 30 a 39 | M62: 38 | N62: 3 | O62: 3 - Título Profesional | P62: DISEÑADORA | Q62: 38 | R62: 2013-04-04 | S62: 13.2 | T62: 10 a 14 anios | U62: No | V62: No | W62: Si | X62: No | Y62: 9 | Z62: 9 - Docente | AA62: INGENIERIA EN MARKETING DIGITAL | AB62: SANTIAGO | AC62: 0 | AD62: 0 | AE62: 6 | AF62: 6 | AG62: 0.14 | AH62: Baja dedicacion | AI62: Solo honorarios
A63: CARGADO_PES | B63: 16233827 | C63: 7 | D63: ABARCA JORQUERA JONATHAN CRISTIAN | G63: Sin accion requerida. | H63: H | I63: Hombre | J63: 1986-03-01 | K63: 40 | L63: 40 a 49 | M63: 38 | N63: 2 | O63: 2 - Magíster | P63: MAGISTER EN DIRECCION DE EMPRESAS MBA | Q63: 38 | R63: 2022-12-02 | S63: 3.5 | T63: 0 a 4 anios | U63: Si | V63: No | W63: No | X63: No | Y63: 9 | Z63: 9 - Docente | AA63: AUDITORIA | AB63: SANTIAGO | AC63: 0 | AD63: 0 | AE63: 12 | AF63: 12 | AG63: 0.27 | AH63: Media dedicacion | AI63: Solo honorarios
A64: CARGADO_PES | B64: 16235771 | C64: 9 | D64: VIDELA MENDOZA STHEPHANIA ANDREA | G64: Sin accion requerida. | H64: M | I64: Mujer | J64: 1985-06-25 | K64: 40 | L64: 40 a 49 | M64: 38 | N64: 3 | O64: 3 - Título Profesional | P64: INGENIERA EN INFORMÁTICA | Q64: 38 | R64: 2025-11-03 | S64: 0.6 | T64: 0 a 4 anios | U64: No | V64: No | W64: Si | X64: No | Y64: 9 | Z64: 9 - Docente | AA64: TECNICO EN PROGRAMACION | AB64: SANTIAGO | AC64: 0 | AD64: 0 | AE64: 20 | AF64: 20 | AG64: 0.45 | AH64: Media dedicacion | AI64: Solo honorarios
A65: CARGADO_PES | B65: 16282020 | C65: 6 | D65: CASTILLO CARDENAS LIONEL | G65: Sin accion requerida. | H65: H | I65: Hombre | J65: 1986-08-12 | K65: 39 | L65: 30 a 39 | M65: 38 | N65: 5 | O65: 5 - Técnico de Nivel Superior | P65: TECNICO EN TELEMATICA | Q65: 38 | R65: 2014-07-15 | S65: 11.9 | T65: 10 a 14 anios | U65: No | V65: No | W65: No | X65: Si | Y65: 9 | Z65: 9 - Docente | AA65: INGENIERIA EN CONECTIVIDAD Y REDES | AB65: SANTIAGO | AC65: 0 | AD65: 0 | AE65: 18 | AF65: 18 | AG65: 0.41 | AH65: Media dedicacion | AI65: Solo honorarios
A66: CARGADO_PES | B66: 16291119 | C66: 8 | D66: HERNÁNDEZ CATALÁN RICARDO ANDRÉS | G66: Sin accion requerida. | H66: H | I66: Hombre | J66: 1985-12-12 | K66: 40 | L66: 40 a 49 | M66: 38 | N66: 5 | O66: 5 - Técnico de Nivel Superior | P66: ADMINISTRADOR DE REDE COMPUTACIONALES | Q66: 38 | R66: 2011-11-14 | S66: 14.5 | T66: 10 a 14 anios | U66: No | V66: No | W66: No | X66: Si | Y66: 9 | Z66: 9 - Docente | AA66: INGENIERIA EN CONECTIVIDAD Y REDES | AB66: SANTIAGO | AC66: 0 | AD66: 0 | AE66: 9 | AF66: 9 | AG66: 0.2 | AH66: Baja dedicacion | AI66: Solo honorarios
A67: CARGADO_PES | B67: 16301161 | C67: 1 | D67: CACERES SOLIS DIEGO | G67: Sin accion requerida. | H67: H | I67: Hombre | J67: 1986-03-04 | K67: 40 | L67: 40 a 49 | M67: 38 | N67: 3 | O67: 3 - Título Profesional | P67: INGENIERO DE EJECUCIÓN EN SISTEMAS COMPUTACIONALES | Q67: 38 | R67: 2012-02-29 | S67: 14.3 | T67: 10 a 14 anios | U67: No | V67: No | W67: Si | X67: No | Y67: 9 | Z67: 9 - Docente | AA67: INGENIERIA EN CIBERSEGURIDAD | AB67: SANTIAGO | AC67: 0 | AD67: 0 | AE67: 21 | AF67: 21 | AG67: 0.48 | AH67: Media dedicacion | AI67: Solo honorarios
A68: CARGADO_PES | B68: 16371686 | C68: 0 | D68: CORREA SUÁREZ DAFNE | G68: Sin accion requerida. | H68: M | I68: Mujer | J68: 1989-09-12 | K68: 36 | L68: 30 a 39 | M68: 38 | N68: 3 | O68: 3 - Título Profesional | P68: PERIODISTA | Q68: 38 | R68: 2012-05-24 | S68: 14 | T68: 10 a 14 anios | U68: No | V68: No | W68: Si | X68: No | Y68: 9 | Z68: 9 - Docente | AA68: INGENIERIA EN MARKETING DIGITAL | AB68: SANTIAGO | AC68: 0 | AD68: 0 | AE68: 6 | AF68: 6 | AG68: 0.14 | AH68: Baja dedicacion | AI68: Solo honorarios
A69: CARGADO_PES | B69: 16377162 | C69: 4 | D69: VERGARA MELLADO MIGUEL ANTONIO | G69: Sin accion requerida. | H69: H | I69: Hombre | J69: 1987-01-06 | K69: 39 | L69: 30 a 39 | M69: 38 | N69: 3 | O69: 3 - Título Profesional | P69: ABOGADO | Q69: 38 | R69: 2025-02-21 | S69: 1.3 | T69: 0 a 4 anios | U69: No | V69: No | W69: Si | X69: No | Y69: 9 | Z69: 9 - Docente | AA69: ADMINISTRACION PUBLICA | AB69: SANTIAGO | AC69: 0 | AD69: 0 | AE69: 17 | AF69: 17 | AG69: 0.39 | AH69: Media dedicacion | AI69: Solo honorarios
A70: CARGADO_PES | B70: 16409472 | C70: 3 | D70: ARIAS SILVA CRISTÓBAL ALEJANDRO | G70: Sin accion requerida. | H70: H | I70: Hombre | J70: 1986-08-24 | K70: 39 | L70: 30 a 39 | M70: 38 | N70: 3 | O70: 3 - Título Profesional | P70: ABOGADO | Q70: 38 | R70: 2022-01-07 | S70: 4.4 | T70: 0 a 4 anios | U70: No | V70: No | W70: Si | X70: No | Y70: 9 | Z70: 9 - Docente | AA70: INGENIERIA EN ADMINISTRACION | AB70: SANTIAGO | AC70: 0 | AD70: 0 | AE70: 8.5 | AF70: 8.5 | AG70: 0.19 | AH70: Baja dedicacion | AI70: Solo honorarios
A71: CARGADO_PES | B71: 16425501 | C71: 8 | D71: BILBAO BARRENECHEA IVÁN | G71: Sin accion requerida. | H71: H | I71: Hombre | J71: 1985-03-02 | K71: 41 | L71: 40 a 49 | M71: 38 | N71: 3 | O71: 3 - Título Profesional | P71: INGENIERO EN INFORMÁTICA | Q71: 38 | R71: 2015-09-07 | S71: 10.7 | T71: 10 a 14 anios | U71: No | V71: No | W71: Si | X71: No | Y71: 9 | Z71: 9 - Docente | AA71: INGENIERIA EN INFORMATICA | AB71: SANTIAGO | AC71: 0 | AD71: 0 | AE71: 12 | AF71: 12 | AG71: 0.27 | AH71: Media dedicacion | AI71: Solo honorarios
A72: CARGADO_PES | B72: 16479763 | C72: 5 | D72: SILVA RETAMAL JUAN | G72: Sin accion requerida. | H72: H | I72: Hombre | J72: 1987-06-04 | K72: 38 | L72: 30 a 39 | M72: 38 | N72: 5 | O72: 5 - Técnico de Nivel Superior | P72: TECNICO EN CONECTIVIDAD Y REDES | Q72: 38 | R72: 2018-09-28 | S72: 7.7 | T72: 5 a 9 anios | U72: No | V72: No | W72: No | X72: Si | Y72: 9 | Z72: 9 - Docente | AA72: INGENIERIA EN CONECTIVIDAD Y REDES | AB72: SANTIAGO | AC72: 0 | AD72: 0 | AE72: 13.08 | AF72: 13.08 | AG72: 0.3 | AH72: Media dedicacion | AI72: Solo honorarios
A73: CARGADO_PES | B73: 16586602 | C73: 9 | D73: URIBE LANDA CAMILO | G73: Sin accion requerida. | H73: H | I73: Hombre | J73: 1987-10-28 | K73: 38 | L73: 30 a 39 | M73: 38 | N73: 3 | O73: 3 - Título Profesional | P73: INGENIERO EN CIBERSEGURIDAD | Q73: 38 | R73: 2023-08-25 | S73: 2.8 | T73: 0 a 4 anios | U73: No | V73: No | W73: Si | X73: No | Y73: 9 | Z73: 9 - Docente | AA73: INGENIERIA EN CIBERSEGURIDAD | AB73: SANTIAGO | AC73: 0 | AD73: 0 | AE73: 22 | AF73: 22 | AG73: 0.5 | AH73: Alta dedicacion | AI73: Solo honorarios
... A95: CARGADO_PES | B95: 17042533 | C95: 2 | D95: CASTILLO LABRIN CAMILA LOURDES | G95: Sin accion requerida. | H95: M | I95: Mujer | J95: 1988-07-28 | K95: 37 | L95: 30 a 39 | M95: 38 | N95: 2 | O95: 2 - Magíster | P95: MAGÍSTER EN EDUCACIÓN UNIVERSITARIA PARA CIENCIAS DE LA SALUD | Q95: 38 | R95: 2024-12-19 | S95: 1.4 | T95: 0 a 4 anios | U95: Si | V95: No | W95: No | X95: No | Y95: 9 | Z95: 9 - Docente | AA95: TECNICO EN ENFERMERIA | AB95: CONCEPCIÓN | AC95: 0 | AD95: 0 | AE95: 8 | AF95: 8 | AG95: 0.18 | AH95: Baja dedicacion | AI95: Solo honorarios
A96: NO_CARGADO_PENDIENTE | B96: 17063144 | C96: 7 | D96: GOMEZ FIGUEROA DANIELA PATRICIA | E96: Falta completar un codigo valido de nivel de formacion academico.; Falta completar un codigo valido del pais donde se obtuvo el titulo o grado.; Falta completar una fecha valida de obtencion del titulo o grado. | F96: NIVEL_FORMACION_ACADEMICO | PAIS_OBTENCION_TIT_O_GRADO | FECHA_OBT_TIT_O_GRADO | G96: Completar dato fuente con respaldo y regenerar candidato PES/SIES. | H96: M | I96: Mujer | J96: 1988-07-24 | K96: 37 | L96: 30 a 39 | M96: 38 | N96: #N/A | O96: Sin código válido | P96: ENFERMERA | Q96: #N/A | R96: #N/A | T96: Sin dato | U96: No | V96: No | W96: No | X96: No | Y96: 9 | Z96: 9 - Docente | AA96: TECNICO EN ENFERMERIA | AB96: SANTIAGO | AC96: 0 | AD96: 0 | AE96: 8 | AF96: 8 | AG96: 0.18 | AH96: Baja dedicacion | AI96: Solo honorarios
A97: CARGADO_PES | B97: 17083758 | C97: 4 | D97: BALBONTIN CONSTENLA PABLO IGNACIO | G97: Sin accion requerida. | H97: H | I97: Hombre | J97: 1988-11-23 | K97: 37 | L97: 30 a 39 | M97: 38 | N97: 2 | O97: 2 - Magíster | P97: MAGÍSTER EN DOCENCIA PARA LA EDUCACIÓN SUPERIOR | Q97: 38 | R97: 2021-12-15 | S97: 4.5 | T97: 0 a 4 anios | U97: Si | V97: No | W97: No | X97: No | Y97: 9 | Z97: 9 - Docente | AA97: INGENIERIA EN FINANZAS | AB97: SANTIAGO | AC97: 0 | AD97: 0 | AE97: 18 | AF97: 18 | AG97: 0.41 | AH97: Media dedicacion | AI97: Solo honorarios
A98: NO_CARGADO_PENDIENTE | B98: 17084685 | C98: 0 | D98: ARAYA CORTEZ DANIELA NATALIA | E98: Falta completar un codigo valido de nivel de formacion academico.; Falta completar un codigo valido del pais donde se obtuvo el titulo o grado.; Falta completar una fecha valida de obtencion del titulo o grado. | F98: NIVEL_FORMACION_ACADEMICO | PAIS_OBTENCION_TIT_O_GRADO | FECHA_OBT_TIT_O_GRADO | G98: Completar dato fuente con respaldo y regenerar candidato PES/SIES. | H98: M | I98: Mujer | J98: 1988-12-15 | K98: 37 | L98: 30 a 39 | M98: 38 | N98: #N/A | O98: Sin código válido | P98: TERAPEUTA COMPLEMENTARIA | Q98: #N/A | R98: #N/A | T98: Sin dato | U98: No | V98: No | W98: No | X98: No | Y98: 9 | Z98: 9 - Docente | AA98: NATUROPATIA | AB98: SANTIAGO | AC98: 0 | AD98: 0 | AE98: 3 | AF98: 3 | AG98: 0.07 | AH98: Baja dedicacion | AI98: Solo honorarios
A99: CARGADO_PES | B99: 17122345 | C99: 8 | D99: MICHAEL MORALES DOMINIQUE | G99: Sin accion requerida. | H99: M | I99: Mujer | J99: 1989-01-15 | K99: 37 | L99: 30 a 39 | M99: 38 | N99: 3 | O99: 3 - Título Profesional | P99: PSICOLOGA | Q99: 38 | R99: 2023-01-25 | S99: 3.3 | T99: 0 a 4 anios | U99: No | V99: No | W99: Si | X99: No | Y99: 9 | Z99: 9 - Docente | AA99: NATUROPATIA | AB99: SANTIAGO | AC99: 0 | AD99: 0 | AE99: 4 | AF99: 4 | AG99: 0.09 | AH99: Baja dedicacion | AI99: Solo honorarios
A100: CARGADO_PES | B100: 17139956 | C100: 4 | D100: ROCO AGUIRRE JUAN IGNACIO | G100: Sin accion requerida. | H100: H | I100: Hombre | J100: 1988-10-17 | K100: 37 | L100: 30 a 39 | M100: 38 | N100: 3 | O100: 3 - Título Profesional | P100: INGENIERO EN INFORMATICA | Q100: 38 | R100: 2022-06-14 | S100: 4 | T100: 0 a 4 anios | U100: No | V100: No | W100: Si | X100: No | Y100: 9 | Z100: 9 - Docente | AA100: INGENIERIA EN INFORMATICA | AB100: SANTIAGO | AC100: 0 | AD100: 0 | AE100: 18 | AF100: 18 | AG100: 0.41 | AH100: Media dedicacion | AI100: Solo honorarios
A101: NO_CARGADO_PENDIENTE | B101: 17288648 | C101: 5 | D101: QUEVEDO LEIVA ADELINA VICTORIA | E101: Falta completar un codigo valido de nivel de formacion academico.; Falta completar un codigo valido del pais donde se obtuvo el titulo o grado.; Falta completar una fecha valida de obtencion del titulo o grado. | F101: NIVEL_FORMACION_ACADEMICO | PAIS_OBTENCION_TIT_O_GRADO | FECHA_OBT_TIT_O_GRADO | G101: Completar dato fuente con respaldo y regenerar candidato PES/SIES. | H101: M | I101: Mujer | J101: 1989-12-01 | K101: 36 | L101: 30 a 39 | M101: 38 | N101: #N/A | O101: Sin código válido | P101: INGENIERA CIVIL EN INFORMÁTICA | Q101: #N/A | R101: #N/A | T101: Sin dato | U101: No | V101: No | W101: No | X101: No | Y101: 9 | Z101: 9 - Docente | AA101: INGENIERIA EN INFORMATICA | AB101: SANTIAGO | AC101: 0 | AD101: 0 | AE101: 20 | AF101: 20 | AG101: 0.45 | AH101: Media dedicacion | AI101: Solo honorarios
A102: CARGADO_PES | B102: 17300590 | C102: 3 | D102: ITURRA RODRIGUEZ JOSEFA MARIANA | G102: Sin accion requerida. | H102: M | I102: Mujer | J102: 1989-09-13 | K102: 36 | L102: 30 a 39 | M102: 38 | N102: 2 | O102: 2 - Magíster | P102: MAGÍSTER DE GESTIÓN EN SALUD | Q102: 38 | R102: 2020-03-17 | S102: 6.2 | T102: 5 a 9 anios | U102: Si | V102: No | W102: No | X102: No | Y102: 9 | Z102: 9 - Docente | AA102: TECNICO EN ENFERMERIA | AB102: SANTIAGO | AC102: 0 | AD102: 0 | AE102: 16 | AF102: 16 | AG102: 0.36 | AH102: Media dedicacion | AI102: Solo honorarios
A103: CARGADO_PES | B103: 17344593 | C103: 8 | D103: ANDREA PEÑA LORENA PATRICIA | G103: Sin accion requerida. | H103: M | I103: Mujer | J103: 1989-10-20 | K103: 36 | L103: 30 a 39 | M103: 38 | N103: 2 | O103: 2 - Magíster | P103: MAGÍSTER EN ENFERMERÍA | Q103: 38 | R103: 2023-03-01 | S103: 3.2 | T103: 0 a 4 anios | U103: Si | V103: No | W103: No | X103: No | Y103: 9 | Z103: 9 - Docente | AA103: TECNICO EN ENFERMERIA | AB103: CONCEPCIÓN | AC103: 0 | AD103: 0 | AE103: 10 | AF103: 10 | AG103: 0.23 | AH103: Baja dedicacion | AI103: Solo honorarios
A104: CARGADO_PES | B104: 17546743 | C104: 2 | D104: MOYA SOLÍS YESSENIA | G104: Sin accion requerida. | H104: M | I104: Mujer | J104: 1990-08-10 | K104: 35 | L104: 30 a 39 | M104: 38 | N104: 3 | O104: 3 - Título Profesional | P104: PROFESORA DE EDUCACION BASIA | Q104: 38 | R104: 2019-01-15 | S104: 7.4 | T104: 5 a 9 anios | U104: No | V104: No | W104: Si | X104: No | Y104: 9 | Z104: 9 - Docente | AA104: FORMACIÓN GENERAL | AB104: SANTIAGO | AC104: 0 | AD104: 0 | AE104: 5 | AF104: 5 | AG104: 0.11 | AH104: Baja dedicacion | AI104: Solo honorarios
A105: CARGADO_PES | B105: 17614777 | C105: 6 | D105: CANALES VERGARA MARCELO ANDRÉS | G105: Sin accion requerida. | H105: H | I105: Hombre | J105: 1991-03-26 | K105: 35 | L105: 30 a 39 | M105: 38 | N105: 3 | O105: 3 - Título Profesional | P105: ENFERMERO | Q105: 38 | R105: 2015-03-30 | S105: 11.2 | T105: 10 a 14 anios | U105: No | V105: No | W105: Si | X105: No | Y105: 9 | Z105: 9 - Docente | AA105: TECNICO EN ENFERMERIA | AB105: CONCEPCIÓN | AC105: 0 | AD105: 0 | AE105: 8 | AF105: 8 | AG105: 0.18 | AH105: Baja dedicacion | AI105: Solo honorarios
A106: CARGADO_PES | B106: 17617222 | C106: 3 | D106: TAPIA DÍAZ LESLIE CAROLINA | G106: Sin accion requerida. | H106: M | I106: Mujer | J106: 1991-10-08 | K106: 34 | L106: 30 a 39 | M106: 38 | N106: 5 | O106: 5 - Técnico de Nivel Superior | P106: TECNICO DE NIVEL SUPERIOR EN FARMACIA | Q106: 38 | R106: 2009-12-16 | S106: 16.5 | T106: 15 anios o mas | U106: No | V106: No | W106: No | X106: Si | Y106: 9 | Z106: 9 - Docente | AA106: TECNICO EN FARMACIA | AB106: CONCEPCIÓN | AC106: 0 | AD106: 0 | AE106: 4 | AF106: 4 | AG106: 0.09 | AH106: Baja dedicacion | AI106: Solo honorarios
A107: CARGADO_PES | B107: 17643258 | C107: 6 | D107: BURGOS FLORES ALEXI MARCELO | G107: Sin accion requerida. | H107: H | I107: Hombre | J107: 1991-09-15 | K107: 34 | L107: 30 a 39 | M107: 38 | N107: 3 | O107: 3 - Título Profesional | P107: INGENIERO EN GESTIÓN DE OPERACIONES LOGÍSTICAS | Q107: 38 | R107: 2025-09-24 | S107: 0.7 | T107: 0 a 4 anios | U107: No | V107: No | W107: Si | X107: No | Y107: 9 | Z107: 9 - Docente | AA107: INGENIERIA EN LOGISTICA | AB107: SANTIAGO | AC107: 42 | AD107: 0 | AE107: 0 | AF107: 42 | AG107: 0.95 | AH107: Alta dedicacion | AI107: Solo planta
A108: CARGADO_PES | B108: 17727179 | C108: 9 | D108: CORTES PAREDES FRANCISCO JAVIER | G108: Sin accion requerida. | H108: H | I108: Hombre | J108: 1991-04-01 | K108: 35 | L108: 30 a 39 | M108: 38 | N108: 3 | O108: 3 - Título Profesional | P108: INGENIERO EN ADMINISTRACIÓN DE EMPRESAS | Q108: 38 | R108: 2024-08-29 | S108: 1.8 | T108: 0 a 4 anios | U108: No | V108: No | W108: Si | X108: No | Y108: 9 | Z108: 9 - Docente | AA108: INGENIERIA EN ADMINISTRACION | AB108: SANTIAGO | AC108: 0 | AD108: 0 | AE108: 5 | AF108: 5 | AG108: 0.11 | AH108: Baja dedicacion | AI108: Solo honorarios
A109: CARGADO_PES | B109: 17737198 | C109: K | D109: MOLINA MORALES MIGUEL ALEXANDER | G109: Sin accion requerida. | H109: H | I109: Hombre | J109: 1990-02-22 | K109: 36 | L109: 30 a 39 | M109: 38 | N109: 3 | O109: 3 - Título Profesional | P109: INGENIERO EN CIBERSEGURIDAD | Q109: 38 | R109: 2024-08-31 | S109: 1.7 | T109: 0 a 4 anios | U109: No | V109: No | W109: Si | X109: No | Y109: 9 | Z109: 9 - Docente | AA109: TECNICO EN CONECTIVIDAD Y REDES | AB109: SANTIAGO | AC109: 0 | AD109: 0 | AE109: 24 | AF109: 24 | AG109: 0.55 | AH109: Alta dedicacion | AI109: Solo honorarios
A110: CARGADO_PES | B110: 17874507 | C110: 7 | D110: DUARTE LATORRE FELIPE ROBERTO | G110: Sin accion requerida. | H110: H | I110: Hombre | J110: 1991-01-12 | K110: 35 | L110: 30 a 39 | M110: 38 | N110: 3 | O110: 3 - Título Profesional | P110: CIENTISTA POLÍTICO | Q110: 38 | R110: 2019-08-29 | S110: 6.8 | T110: 5 a 9 anios | U110: No | V110: No | W110: Si | X110: No | Y110: 9 | Z110: 9 - Docente | AA110: ADMINISTRACION PUBLICA | AB110: SANTIAGO | AC110: 0 | AD110: 0 | AE110: 7.5 | AF110: 7.5 | AG110: 0.17 | AH110: Baja dedicacion | AI110: Solo honorarios
A111: CARGADO_PES | B111: 17994655 | C111: 6 | D111: RODRIGUEZ FERNANDEZ ARTURO | G111: Sin accion requerida. | H111: H | I111: Hombre | J111: 1991-11-04 | K111: 34 | L111: 30 a 39 | M111: 38 | N111: 2 | O111: 2 - Magíster | P111: MAGÍSTER EN FISIOLOGÍA | Q111: 38 | R111: 2021-03-30 | S111: 5.2 | T111: 5 a 9 anios | U111: Si | V111: No | W111: No | X111: No | Y111: 9 | Z111: 9 - Docente | AA111: TECNICO EN ENFERMERIA | AB111: SANTIAGO | AC111: 0 | AD111: 0 | AE111: 5 | AF111: 5 | AG111: 0.11 | AH111: Baja dedicacion | AI111: Solo honorarios
A112: CARGADO_PES | B112: 18120518 | C112: 0 | D112: GONZÁLEZ MOLINA BRAULIO | G112: Sin accion requerida. | H112: H | I112: Hombre | J112: 1992-06-10 | K112: 33 | L112: 30 a 39 | M112: 38 | N112: 3 | O112: 3 - Título Profesional | P112: TRADUCTOR INGLES-ESPAÑOL MENCIÓN NEGOCIOS INTERNACIONALES | Q112: 38 | R112: 2019-06-03 | S112: 7 | T112: 5 a 9 anios | U112: No | V112: No | W112: Si | X112: No | Y112: 9 | Z112: 9 - Docente | AA112: FORMACIÓN GENERAL | AB112: SANTIAGO | AC112: 0 | AD112: 0 | AE112: 17 | AF112: 17 | AG112: 0.39 | AH112: Media dedicacion | AI112: Solo honorarios
A113: CARGADO_PES | B113: 18123829 | C113: 1 | D113: CAMPOS MONTANER ANDREA IGNACIA | G113: Sin accion requerida. | H113: M | I113: Mujer | J113: 1992-06-09 | K113: 33 | L113: 30 a 39 | M113: 38 | N113: 3 | O113: 3 - Título Profesional | P113: PSICÓLOGA | Q113: 38 | R113: 2016-12-30 | S113: 9.4 | T113: 5 a 9 anios | U113: No | V113: No | W113: Si | X113: No | Y113: 9 | Z113: 9 - Docente | AA113: INGENIERIA EN ADMINISTRACION | AB113: SANTIAGO | AC113: 0 | AD113: 0 | AE113: 3 | AF113: 3 | AG113: 0.07 | AH113: Baja dedicacion | AI113: Solo honorarios
... A156: CARGADO_PES | B156: 26069236 | C156: 4 | D156: LEAL DAVILA ÁNGELA CAROLINA | G156: Sin accion requerida. | H156: M | I156: Mujer | J156: 1990-10-07 | K156: 35 | L156: 30 a 39 | M156: 192 | N156: 4 | O156: 4 - Licenciatura | P156: LICENCIADA EN EDUCACIÓN MENCIÓN INFORMÁTICA | Q156: 192 | R156: 2014-07-28 | S156: 11.8 | T156: 10 a 14 anios | U156: No | V156: No | W156: No | X156: No | Y156: 9 | Z156: 9 - Docente | AA156: INGENIERIA EN CIBERSEGURIDAD | AB156: SANTIAGO | AC156: 0 | AD156: 0 | AE156: 12 | AF156: 12 | AG156: 0.27 | AH156: Media dedicacion | AI156: Solo honorarios
A157: NO_CARGADO_PENDIENTE | B157: 26115434 | C157: K | D157: OSORIO MOLINA VICTOR FABIO | E157: Falta completar un codigo valido de nivel de formacion academico.; Falta completar un codigo valido del pais donde se obtuvo el titulo o grado.; Falta completar una fecha valida de obtencion del titulo o grado. | F157: NIVEL_FORMACION_ACADEMICO | PAIS_OBTENCION_TIT_O_GRADO | FECHA_OBT_TIT_O_GRADO | G157: Completar dato fuente con respaldo y regenerar candidato PES/SIES. | H157: H | I157: Hombre | J157: 1982-06-11 | K157: 43 | L157: 40 a 49 | M157: 192 | N157: #N/A | O157: Sin código válido | P157: KINESIOLOGO | Q157: #N/A | R157: #N/A | T157: Sin dato | U157: No | V157: No | W157: No | X157: No | Y157: 9 | Z157: 9 - Docente | AA157: TECNICO EN ENFERMERIA | AB157: SANTIAGO | AC157: 0 | AD157: 0 | AE157: 4 | AF157: 4 | AG157: 0.09 | AH157: Baja dedicacion | AI157: Solo honorarios
A158: CARGADO_PES | B158: 26285081 | C158: 1 | D158: SÁNCHEZ ROMERO FABIOLA ANDREA | G158: Sin accion requerida. | H158: M | I158: Mujer | J158: 1996-12-29 | K158: 29 | L158: Menor de 30 | M158: 192 | N158: 3 | O158: 3 - Título Profesional | P158: INGENIERO EN MARKETING | Q158: 38 | R158: 2025-02-26 | S158: 1.3 | T158: 0 a 4 anios | U158: No | V158: No | W158: Si | X158: No | Y158: 9 | Z158: 9 - Docente | AA158: INGENIERIA EN MARKETING DIGITAL | AB158: SANTIAGO | AC158: 0 | AD158: 0 | AE158: 20.5 | AF158: 20.5 | AG158: 0.47 | AH158: Media dedicacion | AI158: Solo honorarios
A159: CARGADO_PES | B159: 26805563 | C159: 0 | D159: ESCALONA PERAZA CARLOS | G159: Sin accion requerida. | H159: H | I159: Hombre | J159: 1981-04-30 | K159: 45 | L159: 40 a 49 | M159: 192 | N159: 3 | O159: 3 - Título Profesional | P159: INGENIERO DE SISTEMAS | Q159: 192 | R159: 2014-10-02 | S159: 11.7 | T159: 10 a 14 anios | U159: No | V159: No | W159: Si | X159: No | Y159: 9 | Z159: 9 - Docente | AA159: INGENIERIA EN CIBERSEGURIDAD | AB159: SANTIAGO | AC159: 0 | AD159: 0 | AE159: 20 | AF159: 20 | AG159: 0.45 | AH159: Media dedicacion | AI159: Solo honorarios
A160: CARGADO_PES | B160: 26903012 | C160: 7 | D160: MOGOLLON GALINDEZ JENNY VIRGINIA | G160: Sin accion requerida. | H160: M | I160: Mujer | J160: 1977-02-14 | K160: 49 | L160: 40 a 49 | M160: 192 | N160: 5 | O160: 5 - Técnico de Nivel Superior | P160: TÉCNICO DE NIVEL SUPERIOR EN ENFERMERÍA | Q160: 192 | R160: 2003-04-30 | S160: 23.1 | T160: 15 anios o mas | U160: No | V160: No | W160: No | X160: Si | Y160: 9 | Z160: 9 - Docente | AA160: TECNICO EN ENFERMERIA | AB160: SANTIAGO | AC160: 0 | AD160: 0 | AE160: 4 | AF160: 4 | AG160: 0.09 | AH160: Baja dedicacion | AI160: Solo honorarios
A161: CARGADO_PES | B161: 27104158 | C161: 6 | D161: MALDONADO SUAREZ CARLOS | G161: Sin accion requerida. | H161: H | I161: Hombre | J161: 1971-03-15 | K161: 55 | L161: 50 a 59 | M161: 38 | N161: 3 | O161: 3 - Título Profesional | P161: PROFESOR DE MATEMÁTICAS | Q161: 192 | R161: 2021-07-26 | S161: 4.8 | T161: 0 a 4 anios | U161: No | V161: No | W161: Si | X161: No | Y161: 9 | Z161: 9 - Docente | AA161: INGENIERIA EN CIENCIA DE DATOS | AB161: SANTIAGO | AC161: 0 | AD161: 0 | AE161: 34 | AF161: 34 | AG161: 0.77 | AH161: Alta dedicacion | AI161: Solo honorarios
A162: CARGADO_PES | B162: 8692033 | C162: 6 | D162: LENZ ALCAYAGA ANTONIO STEWAR | G162: Sin accion requerida. | H162: H | I162: Hombre | J162: 1961-01-02 | K162: 65 | L162: 60 o mas | M162: 38 | N162: 3 | O162: 3 - Título Profesional | P162: DISEÑADOR GRÁFICO | Q162: 38 | R162: 1986-07-30 | S162: 39.8 | T162: 15 anios o mas | U162: No | V162: No | W162: Si | X162: No | Y162: 9 | Z162: 9 - Docente | AA162: FORMACIÓN GENERAL | AB162: SANTIAGO | AC162: 0 | AD162: 0 | AE162: 25 | AF162: 25 | AG162: 0.57 | AH162: Alta dedicacion | AI162: Solo honorarios
A163: CARGADO_PES | B163: 8727482 | C163: 9 | D163: LAVADOS MEDINA WALDO MANUEL | G163: Sin accion requerida. | H163: H | I163: Hombre | J163: 1960-06-20 | K163: 65 | L163: 60 o mas | M163: 38 | N163: 2 | O163: 2 - Magíster | P163: MASTER EN MARKETING Y GESTION COMERCIAL | Q163: 59 | R163: 2001-05-11 | S163: 25.1 | T163: 15 anios o mas | U163: Si | V163: No | W163: No | X163: No | Y163: 9 | Z163: 9 - Docente | AA163: INGENIERIA EN ADMINISTRACION | AB163: SANTIAGO | AC163: 0 | AD163: 0 | AE163: 16 | AF163: 16 | AG163: 0.36 | AH163: Media dedicacion | AI163: Solo honorarios
A164: NO_CARGADO_PENDIENTE | B164: 9053267 | C164: 7 | D164: RUZ ESTAY VICTOR FERNANDO | E164: Falta completar un codigo valido del pais donde se obtuvo el titulo o grado.; Falta completar una fecha valida de obtencion del titulo o grado. | F164: PAIS_OBTENCION_TIT_O_GRADO | FECHA_OBT_TIT_O_GRADO | G164: Completar dato fuente con respaldo y regenerar candidato PES/SIES. | H164: H | I164: Hombre | J164: 1960-07-23 | K164: 65 | L164: 60 o mas | M164: 38 | N164: 3 | O164: 3 - Título Profesional | P164: INGENIERO EN EJECUCIÓN EN PREVENCIÓN DE RIESGO Y MEDIO AMBIENTE | Q164: #N/A | R164: #N/A | T164: Sin dato | U164: No | V164: No | W164: Si | X164: No | Y164: 9 | Z164: 9 - Docente | AA164: INGENIERIA EN PREVENCION DE RIESGOS | AB164: SANTIAGO | AC164: 0 | AD164: 0 | AE164: 5 | AF164: 5 | AG164: 0.11 | AH164: Baja dedicacion | AI164: Solo honorarios
A165: NO_CARGADO_PENDIENTE | B165: 9092724 | C165: 8 | D165: ZAPATA MARTÍNEZ ENRIQUE EDUARDO | E165: Falta completar un codigo valido de nivel de formacion academico.; Falta completar un codigo valido del pais donde se obtuvo el titulo o grado.; Falta completar una fecha valida de obtencion del titulo o grado. | F165: NIVEL_FORMACION_ACADEMICO | PAIS_OBTENCION_TIT_O_GRADO | FECHA_OBT_TIT_O_GRADO | G165: Completar dato fuente con respaldo y regenerar candidato PES/SIES. | H165: H | I165: Hombre | J165: 1976-02-06 | K165: 50 | L165: 50 a 59 | M165: 38 | N165: #N/A | O165: Sin código válido | P165: TRABAJADOR SOCIAL | Q165: #N/A | R165: #N/A | T165: Sin dato | U165: No | V165: No | W165: No | X165: No | Y165: 9 | Z165: 9 - Docente | AA165: FORMACIÓN GENERAL | AB165: SANTIAGO | AC165: 0 | AD165: 0 | AE165: 11 | AF165: 11 | AG165: 0.25 | AH165: Media dedicacion | AI165: Solo honorarios
A166: CARGADO_PES | B166: 9486130 | C166: 6 | D166: OLMOS MENA LUIS EUGENIO | G166: Sin accion requerida. | H166: H | I166: Hombre | J166: 1963-07-17 | K166: 62 | L166: 60 o mas | M166: 38 | N166: 3 | O166: 3 - Título Profesional | P166: INGENIERO COMERCIAL | Q166: 38 | R166: 2025-01-09 | S166: 1.4 | T166: 0 a 4 anios | U166: No | V166: No | W166: Si | X166: No | Y166: 9 | Z166: 9 - Docente | AA166: FORMACIÓN GENERAL | AB166: SANTIAGO | AC166: 0 | AD166: 0 | AE166: 31 | AF166: 31 | AG166: 0.7 | AH166: Alta dedicacion | AI166: Solo honorarios
A167: CARGADO_PES | B167: 9901904 | C167: 2 | D167: VILLAGRÁN SALAZAR CRISTIÁN | G167: Sin accion requerida. | H167: H | I167: Hombre | J167: 1965-05-07 | K167: 61 | L167: 60 o mas | M167: 38 | N167: 5 | O167: 5 - Técnico de Nivel Superior | P167: TÉCNICO EN PROGRAMACIÓN EN COMPUTACIÓN | Q167: 38 | R167: 1991-11-28 | S167: 34.5 | T167: 15 anios o mas | U167: No | V167: No | W167: No | X167: Si | Y167: 9 | Z167: 9 - Docente | AA167: INGENIERIA EN INFORMATICA | AB167: SANTIAGO | AC167: 0 | AD167: 0 | AE167: 12 | AF167: 12 | AG167: 0.27 | AH167: Media dedicacion | AI167: Solo honorarios
A168: CARGADO_PES | B168: 12232465 | C168: 6 | D168: CASANELLO FRISIUS FEDERICO GUILLERMO | G168: Sin accion requerida. | H168: H | I168: Hombre | J168: 1972-09-07 | K168: 53 | L168: 50 a 59 | M168: 38 | N168: 2 | O168: 2 - Magíster | P168: MAGISTER EN CIENCIAS DE LA INGENIERIA | Q168: 38 | R168: 1999-07-21 | S168: 26.9 | T168: 15 anios o mas | U168: Si | V168: No | W168: No | X168: No | Y168: 1 | Z168: 1 - Rector(a) / Prorrector(a) | AA168: GESTION | AB168: SANTIAGO | AC168: 42 | AD168: 0 | AE168: 0 | AF168: 42 | AG168: 0.95 | AH168: Alta dedicacion | AI168: Solo planta
A169: CARGADO_PES | B169: 10324958 | C169: 9 | D169: MONSALVE MORAGA IVETTE | G169: Sin accion requerida. | H169: M | I169: Mujer | J169: 1966-05-13 | K169: 60 | L169: 60 o mas | M169: 38 | N169: 2 | O169: 2 - Magíster | P169: MAGISTER INTERNACIONAL EN ELEARNING ESPECIALIDAD EN DISENO INSTRUCCIONAL | Q169: 59 | R169: 2007-10-15 | S169: 18.6 | T169: 15 anios o mas | U169: Si | V169: No | W169: No | X169: No | Y169: 2 | Z169: 2 - Vicerrector(a) de área / sede | AA169: GESTION | AB169: SANTIAGO | AC169: 42 | AD169: 0 | AE169: 0 | AF169: 42 | AG169: 0.95 | AH169: Alta dedicacion | AI169: Solo planta
A170: CARGADO_PES | B170: 14244828 | C170: 9 | D170: CRETTON BECERRA ROBERTO | G170: Sin accion requerida. | H170: H | I170: Hombre | J170: 1974-09-12 | K170: 51 | L170: 50 a 59 | M170: 38 | N170: 2 | O170: 2 - Magíster | P170: MAGISTER EN PLANIFICACION Y GESTION EDUCACIONAL | Q170: 38 | R170: 2006-05-24 | S170: 20 | T170: 15 anios o mas | U170: Si | V170: No | W170: No | X170: No | Y170: 9 | Z170: 9 - Docente | AA170: GESTION | AB170: SANTIAGO | AC170: 12 | AD170: 0 | AE170: 0 | AF170: 12 | AG170: 0.27 | AH170: Media dedicacion | AI170: Solo planta
A171: CARGADO_PES | B171: 15774789 | C171: 4 | D171: DUQUE JAUREGUI CARLOS | G171: Sin accion requerida. | H171: H | I171: Hombre | J171: 1984-03-19 | K171: 42 | L171: 40 a 49 | M171: 38 | N171: 3 | O171: 3 - Título Profesional | P171: INGENIERO EN GESTION INFORMATICA | Q171: 38 | R171: 2010-01-20 | S171: 16.4 | T171: 15 anios o mas | U171: No | V171: No | W171: Si | X171: No | Y171: 5 | Z171: 5 - Director(a) o Jefe(a) de área / Unidad Académica | AA171: GESTION | AB171: SANTIAGO | AC171: 42 | AD171: 0 | AE171: 0 | AF171: 42 | AG171: 0.95 | AH171: Alta dedicacion | AI171: Solo planta
A172: CARGADO_PES | B172: 16977331 | C172: 9 | D172: BRAVO TAPIA NATALIA PAZ | G172: Sin accion requerida. | H172: M | I172: Mujer | J172: 1988-11-08 | K172: 37 | L172: 30 a 39 | M172: 38 | N172: 2 | O172: 2 - Magíster | P172: MAGISTER EN DIRECCION DE EMPRESAS MBA | Q172: 38 | R172: 2018-01-18 | S172: 8.4 | T172: 5 a 9 anios | U172: Si | V172: No | W172: No | X172: No | Y172: 3 | Z172: 3 - Decano(a) / Vicedecano(a) | AA172: GESTION | AB172: SANTIAGO | AC172: 42 | AD172: 0 | AE172: 0 | AF172: 42 | AG172: 0.95 | AH172: Alta dedicacion | AI172: Solo planta
A173: CARGADO_PES | B173: 15344263 | C173: 0 | D173: OTAZO MUÑOZ SEBASTIAN RICARDO | G173: Sin accion requerida. | H173: H | I173: Hombre | J173: 1982-05-06 | K173: 44 | L173: 40 a 49 | M173: 38 | N173: 3 | O173: 3 - Título Profesional | P173: INGENIERO EN CONECTIVIDAD Y REDES | Q173: 38 | R173: 2014-01-27 | S173: 12.3 | T173: 10 a 14 anios | U173: No | V173: No | W173: Si | X173: No | Y173: 5 | Z173: 5 - Director(a) o Jefe(a) de área / Unidad Académica | AA173: GESTION | AB173: SANTIAGO | AC173: 42 | AD173: 0 | AE173: 0 | AF173: 42 | AG173: 0.95 | AH173: Alta dedicacion | AI173: Solo planta
A174: CARGADO_PES | B174: 17239814 | C174: 6 | D174: TORRES MUÑOZ CAMILA ANDREA | G174: Sin accion requerida. | H174: M | I174: Mujer | J174: 1989-10-04 | K174: 36 | L174: 30 a 39 | M174: 38 | N174: 2 | O174: 2 - Magíster | P174: MAGISTER EN EDUCACION MENCION DOCENCIA PARA LA EDUCACION SUPERIOR | Q174: 38 | R174: 2019-01-01 | S174: 7.4 | T174: 5 a 9 anios | U174: Si | V174: No | W174: No | X174: No | Y174: 3 | Z174: 3 - Decano(a) / Vicedecano(a) | AA174: GESTION | AB174: SANTIAGO | AC174: 42 | AD174: 0 | AE174: 0 | AF174: 42 | AG174: 0.95 | AH174: Alta dedicacion | AI174: Solo planta
A175: CARGADO_PES | B175: 18544431 | C175: 7 | D175: LEMUS ARROYO KATHERINE ROXANA | G175: Sin accion requerida. | H175: M | I175: Mujer | J175: 1993-05-21 | K175: 33 | L175: 30 a 39 | M175: 38 | N175: 3 | O175: 3 - Título Profesional | P175: PERIODISTA | Q175: 38 | R175: 2024-10-30 | S175: 1.6 | T175: 0 a 4 anios | U175: No | V175: No | W175: Si | X175: No | Y175: 7 | Z175: 7 - Coordinador(a) / Encargado(a) | AA175: GESTION | AB175: SANTIAGO | AC175: 42 | AD175: 0 | AE175: 0 | AF175: 42 | AG175: 0.95 | AH175: Alta dedicacion | AI175: Solo planta
A176: CARGADO_PES | B176: 19113931 | C176: 3 | D176: BECERRA MOREIRA ANDREA ISABEL | G176: Sin accion requerida. | H176: M | I176: Mujer | J176: 1995-03-01 | K176: 31 | L176: 30 a 39 | M176: 38 | N176: 3 | O176: 3 - Título Profesional | P176: INGENIERO EN ADMINISTRACION DE EMPRESAS | Q176: 38 | R176: 2021-05-10 | S176: 5.1 | T176: 5 a 9 anios | U176: No | V176: No | W176: Si | X176: No | Y176: 7 | Z176: 7 - Coordinador(a) / Encargado(a) | AA176: GESTION | AB176: SANTIAGO | AC176: 42 | AD176: 0 | AE176: 0 | AF176: 42 | AG176: 0.95 | AH176: Alta dedicacion | AI176: Solo planta
A177: CARGADO_PES | B177: 26059168 | C177: 1 | D177: CELIS ORTEGA GLADYS | G177: Sin accion requerida. | H177: M | I177: Mujer | J177: 1979-10-03 | K177: 46 | L177: 40 a 49 | M177: 192 | N177: 5 | O177: 5 - Técnico de Nivel Superior | P177: TECNICO DE NIVEL SUPERIOR EN RECURSOS HUMANOS | Q177: 38 | R177: 2024-09-11 | S177: 1.7 | T177: 0 a 4 anios | U177: No | V177: No | W177: No | X177: Si | Y177: 7 | Z177: 7 - Coordinador(a) / Encargado(a) | AA177: GESTION | AB177: SANTIAGO | AC177: 42 | AD177: 0 | AE177: 0 | AF177: 42 | AG177: 0.95 | AH177: Alta dedicacion | AI177: Solo planta
... A191: CARGADO_PES | B191: 17305577 | C191: 3 | D191: SILVA GARRIDO XIMENA ANDREA | G191: Sin accion requerida. | H191: M | I191: Mujer | J191: 1989-11-04 | K191: 36 | L191: 30 a 39 | M191: 38 | N191: 3 | O191: 3 - Título Profesional | P191: INGENIERA COMERCIAL | Q191: 38 | R191: 2012-09-06 | S191: 13.7 | T191: 10 a 14 anios | U191: No | V191: No | W191: Si | X191: No | Y191: 5 | Z191: 5 - Director(a) o Jefe(a) de área / Unidad Académica | AA191: GESTION | AB191: SANTIAGO | AC191: 42 | AD191: 0 | AE191: 0 | AF191: 42 | AG191: 0.95 | AH191: Alta dedicacion | AI191: Solo planta

Sheet DICCIONARIO_KPI
A1: KPI_ID | B1: NOMBRE_KPI | C1: BLOQUE | D1: DEFINICION_CUALITATIVA | E1: FORMULA_CUANTITATIVA | F1: CAMPOS_ORIGEN | G1: TABLA_ORIGEN | H1: FILTROS_APLICADOS | I1: EXCLUSIONES | J1: INTERPRETACION | K1: UNIDAD | L1: FORMATO | M1: RESPONSABLE_VALIDACION | N1: OBSERVACIONES
A2: KPI_01 | B2: Total registros base original | C2: Cobertura y carga PES | D2: Cuenta los registros originales incluidos en BASE_KPI. | E2: COUNT(BASE_KPI!B2:B191) | F2: NUM_DOCUMENTO | G2: Registros | H2: Entero | I2: Dimensiona el universo de respaldo interno. | J2: BASE_KPI / TABLAS_RESUMEN | K2: Segun filtro descrito en formula | L2: No modifica fuente; pendientes se mantienen visibles | M2: Unidad de Analisis Institucional / Personal Academico | N2: Fase 10D: definicion especifica, formula trazable y presentacion ejecutiva.
A3: KPI_02 | B3: Total registros cargados PES/SIES | C3: Cobertura y carga PES | D3: Cuenta registros que fueron procesados por PES/SIES. | E3: COUNTIF(BASE_KPI!A2:A191,"CARGADO_PES") | F3: ESTADO_CARGA_PES | G3: Registros | H3: Entero | I3: Mide avance efectivo de carga. | J3: BASE_KPI / TABLAS_RESUMEN | K3: Segun filtro descrito en formula | L3: No modifica fuente; pendientes se mantienen visibles | M3: Unidad de Analisis Institucional / Personal Academico | N3: Fase 10D: definicion especifica, formula trazable y presentacion ejecutiva.
A4: KPI_03 | B4: Total registros pendientes/no cargados | C4: Cobertura y carga PES | D4: Cuenta registros originales que quedaron pendientes. | E4: COUNTIF(BASE_KPI!A2:A191,"NO_CARGADO_PENDIENTE") | F4: ESTADO_CARGA_PES | G4: Registros | H4: Entero | I4: Identifica brecha para carga complementaria. | J4: BASE_KPI / TABLAS_RESUMEN | K4: Segun filtro descrito en formula | L4: No modifica fuente; pendientes se mantienen visibles | M4: Unidad de Analisis Institucional / Personal Academico | N4: Fase 10D: definicion especifica, formula trazable y presentacion ejecutiva.
A5: KPI_04 | B5: % carga efectiva | C5: Cobertura y carga PES | D5: Mide la proporcion de registros cargados sobre la base original. | E5: Cargados PES/SIES / Total base original | F5: ESTADO_CARGA_PES | G5: % | H5: Porcentaje con 1 decimal | I5: Un valor alto indica mayor completitud de carga. | J5: BASE_KPI / TABLAS_RESUMEN | K5: Segun filtro descrito en formula | L5: No modifica fuente; pendientes se mantienen visibles | M5: Unidad de Analisis Institucional / Personal Academico | N5: Fase 10D: definicion especifica, formula trazable y presentacion ejecutiva.
A6: KPI_05 | B6: % pendiente | C6: Cobertura y carga PES | D6: Mide la proporcion de registros pendientes. | E6: Pendientes / Total base original | F6: ESTADO_CARGA_PES | G6: % | H6: Porcentaje con 1 decimal | I6: Permite dimensionar la brecha pendiente. | J6: BASE_KPI / TABLAS_RESUMEN | K6: Segun filtro descrito en formula | L6: No modifica fuente; pendientes se mantienen visibles | M6: Unidad de Analisis Institucional / Personal Academico | N6: Fase 10D: definicion especifica, formula trazable y presentacion ejecutiva.
A7: KPI_06 | B7: Numero de columnas oficiales controladas | C7: Cobertura y carga PES | D7: Cuenta las columnas oficiales del archivo En Institucion. | E7: COUNT(COLUMNAS_OFICIALES) | F7: Encabezado oficial | G7: Columnas | H7: Entero | I7: Confirma alcance estructural del control. | J7: BASE_KPI / TABLAS_RESUMEN | K7: Segun filtro descrito en formula | L7: No modifica fuente; pendientes se mantienen visibles | M7: Unidad de Analisis Institucional / Personal Academico | N7: Fase 10D: definicion especifica, formula trazable y presentacion ejecutiva.
A8: KPI_07 | B8: Registros pendientes por motivo | C8: Cobertura y carga PES | D8: Agrupa pendientes segun causa tecnica legible. | E8: GROUP BY MOTIVO_NO_CARGA_LEGIBLE | F8: MOTIVO_NO_CARGA_LEGIBLE | G8: Registros | H8: Entero y porcentaje | I8: Prioriza acciones de depuracion. | J8: BASE_KPI / TABLAS_RESUMEN | K8: Segun filtro descrito en formula | L8: No modifica fuente; pendientes se mantienen visibles | M8: Unidad de Analisis Institucional / Personal Academico | N8: Fase 10D: definicion especifica, formula trazable y presentacion ejecutiva.
A9: KPI_08 | B9: Registros pendientes por columna observada | C9: Cobertura y carga PES | D9: Agrupa pendientes segun columna que origina bloqueo. | E9: GROUP BY COLUMNAS_OBSERVADAS | F9: COLUMNAS_OBSERVADAS | G9: Registros | H9: Entero | I9: Identifica campos a corregir. | J9: BASE_KPI / TABLAS_RESUMEN | K9: Segun filtro descrito en formula | L9: No modifica fuente; pendientes se mantienen visibles | M9: Unidad de Analisis Institucional / Personal Academico | N9: Fase 10D: definicion especifica, formula trazable y presentacion ejecutiva.
A10: KPI_09 | B10: Top 10 registros pendientes con accion requerida | C10: Cobertura y carga PES | D10: Lista registros pendientes y accion operativa. | E10: FIRST 10 WHERE ESTADO=NO_CARGADO_PENDIENTE | F10: ESTADO_CARGA_PES, ACCION_REQUERIDA_LEGIBLE | G10: Registros | H10: Tabla | I10: Facilita gestion individual. | J10: BASE_KPI / TABLAS_RESUMEN | K10: Segun filtro descrito en formula | L10: No modifica fuente; pendientes se mantienen visibles | M10: Unidad de Analisis Institucional / Personal Academico | N10: Fase 10D: definicion especifica, formula trazable y presentacion ejecutiva.
A11: KPI_10 | B11: Total horas academicas | C11: Dedicacion horaria y JCE | D11: Suma horas planta, contrata y honorarios. | E11: SUM(TOTAL_HORAS_ACADEMICO) | F11: NUM_HORAS_*_NUM | G11: Horas | H11: Numero con 2 decimales | I11: Mide volumen de dedicacion academica. | J11: BASE_KPI / TABLAS_RESUMEN | K11: Segun filtro descrito en formula | L11: No modifica fuente; pendientes se mantienen visibles | M11: Unidad de Analisis Institucional / Personal Academico | N11: Fase 10D: definicion especifica, formula trazable y presentacion ejecutiva.
A12: KPI_11 | B12: JCE total estimada | C12: Dedicacion horaria y JCE | D12: Estima jornadas completas equivalentes. | E12: SUM(TOTAL_HORAS_ACADEMICO) / 44 | F12: TOTAL_HORAS_ACADEMICO | G12: JCE | H12: Numero con 2 decimales | I12: Dimensiona dotacion equivalente. | J12: BASE_KPI / TABLAS_RESUMEN | K12: Segun filtro descrito en formula | L12: No modifica fuente; pendientes se mantienen visibles | M12: Unidad de Analisis Institucional / Personal Academico | N12: Fase 10D: definicion especifica, formula trazable y presentacion ejecutiva.
... A55: KPI_54 | B55: Registros cargados sin transformacion aplicada | C55: Calidad de datos y trazabilidad | D55: Cuenta cargados sin eventos de transformacion. | E55: Cargados PES/SIES - registros transformados | F55: ESTADO_CARGA_PES, auditoria_transformaciones | G55: Registros | H55: Entero | I55: Identifica filas que pasaron sin ajuste tecnico. | J55: BASE_KPI / TABLAS_RESUMEN | K55: Segun filtro descrito en formula | L55: No modifica fuente; pendientes se mantienen visibles | M55: Unidad de Analisis Institucional / Personal Academico | N55: Fase 10D: definicion especifica, formula trazable y presentacion ejecutiva. Etiqueta oficial tomada del instructivo SIES Personal Académico 2026 para NIVEL_FORMACION_ACADEMICO; valores sin codigo valido se presentan como Sin código válido.

Sheet TABLAS_RESUMEN
A1: RESUMEN_GENERAL
A2: KPI | B2: VALOR | C2: UNIDAD
A3: Base original | B3: 190 | C3: registros
A4: Cargados PES/SIES | B4: 181 | C4: registros
A5: Pendientes | B5: 9 | C5: registros
A6: % carga efectiva | B6: 0.95263158 | C6: porcentaje
A7: % pendiente | B7: 0.047368421 | C7: porcentaje
A8: Horas totales | B8: 3339.75 | C8: horas
A9: JCE total | B9: 75.9 | C9: JCE
A10: Promedio horas | B10: 17.58 | C10: horas
A11: Mediana horas | B11: 15 | C11: horas
A12: Edad promedio | B12: 41.4 | C12: anios
A13: Edad mediana | B13: 39.5 | C13: anios
A14: Anios promedio desde titulo | B14: 9.5 | C14: anios
... A23: Registros con transformacion tecnica | B23: 189 | C23: registros
A26: RESUMEN_DEDICACION
A27: TIPO_DEDICACION | B27: CANTIDAD | C27: PORCENTAJE
A28: Media dedicacion | B28: 66 | C28: 0.34736842
A29: Baja dedicacion | B29: 66 | C29: 0.34736842
A30: Alta dedicacion | B30: 58 | C30: 0.30526316
A33: RESUMEN_NIVEL_FORMACION
A34: NIVEL_FORMACION_ACADEMICO_ETIQUETA | B34: CANTIDAD | C34: PORCENTAJE
A35: 3 - Título Profesional | B35: 125 | C35: 0.65789474
A36: 2 - Magíster | B36: 41 | C36: 0.21578947
A37: 5 - Técnico de Nivel Superior | B37: 13 | C37: 0.068421053
A38: 4 - Licenciatura | B38: 5 | C38: 0.026315789
A39: Sin código válido | B39: 5 | C39: 0.026315789
A40: 7 - Licencia de Enseñanza Media | B40: 1 | C40: 0.0052631579
A43: RESUMEN_MAGISTER_DOCTORADO
A44: INDICADOR | B44: CANTIDAD | C44: PORCENTAJE
A45: Magister | B45: 41 | C45: 0.21578947
A46: Doctorado | B46: 0 | C46: 0
A47: Profesional codigo 3 | B47: 125 | C47: 0.65789474
A48: Tecnico codigo 5 | B48: 13 | C48: 0.068421053
A51: RESUMEN_EDAD
A52: TRAMO_EDAD | B52: CANTIDAD | C52: PORCENTAJE
A53: 30 a 39 | B53: 83 | C53: 0.43684211
A54: 40 a 49 | B54: 62 | C54: 0.32631579
A55: 50 a 59 | B55: 25 | C55: 0.13157895
A56: Menor de 30 | B56: 12 | C56: 0.063157895
A57: 60 o mas | B57: 8 | C57: 0.042105263
A60: RESUMEN_SEXO
A61: SEXO_ETIQUETA | B61: CANTIDAD | C61: PORCENTAJE
A62: Hombre | B62: 122 | C62: 0.64210526
A63: Mujer | B63: 68 | C63: 0.35789474
A66: RESUMEN_CARGO
A67: CARGO_NORMALIZADO_ETIQUETA | B67: CANTIDAD | C67: PORCENTAJE
A68: 9 - Docente | B68: 167 | C68: 0.87894737
A69: 7 - Coordinador(a) / Encargado(a) | B69: 11 | C69: 0.057894737
A70: 5 - Director(a) o Jefe(a) de área / Unidad Académica | B70: 7 | C70: 0.036842105
A71: 3 - Decano(a) / Vicedecano(a) | B71: 2 | C71: 0.010526316
A72: 1 - Rector(a) / Prorrector(a) | B72: 1 | C72: 0.0052631579
A73: 2 - Vicerrector(a) de área / sede | B73: 1 | C73: 0.0052631579
A74: 6 - Secretario(a) de Unidad Académica | B74: 1 | C74: 0.0052631579
A77: RESUMEN_PROGRAMA
A78: PROGRAMA | B78: CANTIDAD | C78: PORCENTAJE
A79: FORMACIÓN GENERAL | B79: 26 | C79: 0.13684211
A80: TECNICO EN ENFERMERIA | B80: 25 | C80: 0.13157895
A81: GESTION | B81: 24 | C81: 0.12631579
A82: INGENIERIA EN INFORMATICA | B82: 21 | C82: 0.11052632
A83: INGENIERIA EN CIBERSEGURIDAD | B83: 19 | C83: 0.1
A84: INGENIERIA EN ADMINISTRACION | B84: 14 | C84: 0.073684211
A85: INGENIERIA EN CONECTIVIDAD Y REDES | B85: 11 | C85: 0.057894737
A86: ADMINISTRACION PUBLICA | B86: 9 | C86: 0.047368421
A87: INGENIERIA EN LOGISTICA | B87: 8 | C87: 0.042105263
A88: INGENIERIA INDUSTRIAL | B88: 6 | C88: 0.031578947
A89: INGENIERIA EN MARKETING DIGITAL | B89: 5 | C89: 0.026315789
A90: TECNICO EN FARMACIA | B90: 4 | C90: 0.021052632
... A100: INGENIERIA EN PREVENCION DE RIESGOS | B100: 1 | C100: 0.0052631579
A103: RESUMEN_COMUNA
A104: COMUNA | B104: CANTIDAD | C104: PORCENTAJE
A105: SANTIAGO | B105: 177 | C105: 0.93157895
A106: CONCEPCIÓN | B106: 13 | C106: 0.068421053
A109: RESUMEN_PENDIENTES
A110: MOTIVO_TECNICO | B110: MOTIVO_LEGIBLE | C110: REGISTROS | D110: PORCENTAJE | E110: ACCION_REQUERIDA
A111: Falta completar un codigo valido de nivel de formacion academico.; Falta completar un codigo valido del pais donde se obtuvo el titulo o grado.; Falta completar una fecha valida de obtencion del titulo o grado. | B111: Falta completar un codigo valido de nivel de formacion academico.; falta completar un codigo valido del pais donde se obtuvo el titulo o grado.; falta completar una fecha valida de obtencion del titulo o grado.. | C111: 5 | D111: 0.55555556 | E111: Revisar registro en fuente y documentar accion antes de nueva carga.
A112: La fecha de obtencion del titulo/grado es posterior al corte permitido y requiere confirmacion. | B112: La fecha de obtencion del titulo/grado es posterior al corte permitido y requiere confirmacion.. | C112: 1 | D112: 0.11111111 | E112: Revisar registro en fuente y documentar accion antes de nueva carga.
A113: Falta completar un codigo valido del pais donde se obtuvo el titulo o grado. | B113: Falta completar un codigo valido del pais donde se obtuvo el titulo o grado.. | C113: 1 | D113: 0.11111111 | E113: Revisar registro en fuente y documentar accion antes de nueva carga.
A114: Falta completar una fecha valida de obtencion del titulo o grado. | B114: Falta completar una fecha valida de obtencion del titulo o grado.. | C114: 1 | D114: 0.11111111 | E114: Revisar registro en fuente y documentar accion antes de nueva carga.
A115: Falta completar un codigo valido del pais donde se obtuvo el titulo o grado.; Falta completar una fecha valida de obtencion del titulo o grado. | B115: Falta completar un codigo valido del pais donde se obtuvo el titulo o grado.; falta completar una fecha valida de obtencion del titulo o grado.. | C115: 1 | D115: 0.11111111 | E115: Revisar registro en fuente y documentar accion antes de nueva carga.
A118: RESUMEN_PENDIENTES_COLUMNA
A119: COLUMNA | B119: MOTIVO_LEGIBLE | C119: REGISTROS | D119: PORCENTAJE
A120: FECHA_OBT_TIT_O_GRADO | B120: Falta completar una fecha valida de obtencion del titulo o grado. | C120: 8 | D120: 0.4
A121: PAIS_OBTENCION_TIT_O_GRADO | B121: Falta completar un codigo valido del pais donde se obtuvo el titulo o grado. | C121: 7 | D121: 0.35
A122: NIVEL_FORMACION_ACADEMICO | B122: Falta completar un codigo valido de nivel de formacion academico. | C122: 5 | D122: 0.25
A125: RESUMEN_TRANSFORMACIONES
A126: TRANSFORMACION_TECNICA | B126: TRANSFORMACION_LEGIBLE | C126: REGISTROS_AFECTADOS
A127: BLOQUE_ESPECIALIDAD_DEPENDIENTE_LIMPIADO_SIN_NIVEL | B127: Se limpio informacion de especialidad porque no existia nivel de especialidad valido. | C127: 525
A128: FECHA_FORMATO_PES | B128: Fecha convertida al formato requerido para carga PES/SIES. | C128: 371
A129: HORA_OBLIGATORIA_COMPLETADA_CERO | B129: Hora obligatoria completada cero. | C129: 330
A130: TEXTO_NORMALIZADO_PES | B130: Texto normalizado pes. | C130: 184
A131: COMUNA_MAYOR_FUNCION_COMPLETADA | B131: Comuna de mayor funcion completada desde comuna del programa principal. | C131: 169
A132: NOMBRE_TITULO_SOLO_A_Z | B132: Titulo normalizado a letras A-Z para cumplir validacion PES/SIES. | C132: 81
A133: BLOQUE_ESPECIALIDAD_LIMPIADO_NIVEL_ACADEMICO | B133: Bloque especialidad limpiado nivel academico. | C133: 42
A134: HORA_OBLIGATORIA_NORMALIZADA | B134: Hora obligatoria normalizada. | C134: 2
A135: HORA_DECIMAL_NORMALIZADA | B135: Hora decimal normalizada. | C135: 1
A138: RESUMEN_TRANSFORMACIONES_CAMPO
A139: TRANSFORMACION_TECNICA | B139: TRANSFORMACION_LEGIBLE | C139: REGISTROS_AFECTADOS | D139: CAMPO_AFECTADO | E139: INTERPRETACION
A140: FECHA_FORMATO_PES | B140: Fecha convertida al formato requerido para carga PES/SIES. | C140: 189 | D140: FECHA_NACIMIENTO | E140: Transformacion tecnica de salida; no modifica base original.
A141: FECHA_FORMATO_PES | B141: Fecha convertida al formato requerido para carga PES/SIES. | C141: 182 | D141: FECHA_OBT_TIT_O_GRADO | E141: Transformacion tecnica de salida; no modifica base original.
...

Sheet HIST_BASE_NORMALIZADA
A1: PERIODO | B1: CODIGO_INSTITUCION | C1: NOMBRE_INSTITUCION | D1: TIPO_INSTITUCION_I | E1: TIPO_INSTITUCION_II | F1: TIPO_INSTITUCION_III | G1: ACAD_MUJERES | H1: ACAD_HOMBRES | I1: ACAD_TOTAL | J1: EDAD_PROM_MUJERES | K1: EDAD_PROM_HOMBRES | L1: EDAD_PROM_GENERAL | M1: ACAD_MUJER_MENOS_35 | N1: ACAD_MUJER_35_44 | O1: ACAD_MUJER_45_54 | P1: ACAD_MUJER_55_64 | Q1: ACAD_MUJER_65_MAS | R1: ACAD_MUJER_SIN_INFO | S1: ACAD_HOMBRE_MENOS_35 | T1: ACAD_HOMBRE_35_44 | U1: ACAD_HOMBRE_45_54 | V1: ACAD_HOMBRE_55_64 | W1: ACAD_HOMBRE_65_MAS | X1: ACAD_HOMBRE_SIN_INFO | Y1: ACAD_EN_1_INSTITUCION | Z1: ACAD_EN_2_INSTITUCIONES | AA1: ACAD_EN_3_O_MAS_INSTITUCIONES | AB1: ACAD_DOCTOR | AC1: ACAD_MAGISTER | AD1: ACAD_ESPECIALIDAD_MEDICA_ODONTOLOGICA | AE1: ACAD_TITULO_PROFESIONAL | AF1: ACAD_LICENCIATURA | AG1: ACAD_TECNICO_NIVEL_SUPERIOR | AH1: ACAD_TECNICO_NIVEL_MEDIO | AI1: ACAD_LICENCIA_ENSENANZA_MEDIA | AJ1: ACAD_SIN_TITULO_NI_GRADO | AK1: ACAD_SIN_INFORMACION_FORMACION | AL1: ACAD_REGION_ARICA_PARINACOTA | AM1: ACAD_REGION_TARAPACA | AN1: ACAD_REGION_ANTOFAGASTA | AO1: ACAD_REGION_ATACAMA | AP1: ACAD_REGION_COQUIMBO | AQ1: ACAD_REGION_VALPARAISO | AR1: ACAD_REGION_METROPOLITANA | AS1: ACAD_REGION_OHIGGINS | AT1: ACAD_REGION_MAULE | AU1: ACAD_REGION_NUBLE | AV1: ACAD_REGION_BIOBIO | AW1: ACAD_REGION_ARAUCANIA | AX1: ACAD_REGION_LOS_RIOS | AY1: ACAD_REGION_LOS_LAGOS | AZ1: ACAD_REGION_AYSEN | BA1: ACAD_REGION_MAGALLANES | BB1: ACAD_REGION_SIN_INFORMACION | BC1: ACAD_CHILENO | BD1: ACAD_EXTRANJERO | BE1: HORAS_PROM_MUJERES | BF1: HORAS_PROM_HOMBRES | BG1: HORAS_PROM_GENERAL | BH1: ACAD_HORAS_MENOS_11 | BI1: ACAD_HORAS_11_MENOS_23 | BJ1: ACAD_HORAS_23_MENOS_39 | BK1: ACAD_HORAS_39_MAS | BL1: ACAD_HORAS_SIN_INFORMACION | BM1: JCE_MUJERES | BN1: JCE_HOMBRES | BO1: JCE_TOTAL | BP1: EDAD_JCE_PROM_MUJERES | BQ1: EDAD_JCE_PROM_HOMBRES | BR1: EDAD_JCE_PROM_GENERAL | BS1: JCE_DOCTOR | BT1: JCE_MAGISTER | BU1: JCE_ESPECIALIDAD_MEDICA_ODONTOLOGICA | BV1: JCE_TITULO_PROFESIONAL | BW1: JCE_LICENCIATURA | BX1: JCE_TECNICO_NIVEL_SUPERIOR | BY1: JCE_TECNICO_NIVEL_MEDIO | BZ1: JCE_LICENCIA_ENSENANZA_MEDIA | CA1: JCE_SIN_TITULO_NI_GRADO | CB1: JCE_SIN_INFORMACION_FORMACION | CC1: JCE_CHILENO | CD1: JCE_EXTRANJERO | CE1: JCE_HORAS_MENOS_11 | CF1: JCE_HORAS_11_MENOS_23 | CG1: JCE_HORAS_23_MENOS_39 | CH1: JCE_HORAS_39_MAS
A2: 2025 | B2: 1 | C2: UNIVERSIDAD GABRIELA MISTRAL | D2: Universidades | E2: Universidades Privadas | F2: Universidades Privadas | G2: 263 | H2: 394 | I2: 657 | J2: 42.555133 | K2: 44.431472 | L2: 43.680365 | M2: 55 | N2: 104 | O2: 74 | P2: 22 | Q2: 8 | S2: 64 | T2: 155 | U2: 104 | V2: 59 | W2: 12 | Y2: 339 | Z2: 184 | AA2: 134 | AB2: 113 | AC2: 471 | AE2: 38 | AF2: 16 | AG2: 1 | AK2: 18 | AR2: 657 | BC2: 596 | BD2: 61 | BE2: 14.241559 | BF2: 12.020558 | BG2: 12.909635 | BH2: 438 | BI2: 109 | BJ2: 23 | BK2: 87 | BM2: 85.125682 | BN2: 107.63864 | BO2: 192.76432 | BP2: 42.226334 | BQ2: 44.311041 | BR2: 43.390424 | BS2: 32.207273 | BT2: 140.41114 | BV2: 9.7447727 | BW2: 5.8106818 | BX2: 0.21204545 | CB2: 4.3784091 | CC2: 179.49318 | CD2: 13.271136 | CE2: 52.465455 | CF2: 38.272727 | CG2: 15.211364 | CH2: 86.814773
A3: 2025 | B3: 2 | C3: UNIVERSIDAD FINIS TERRAE | D3: Universidades | E3: Universidades Privadas | F3: Universidades Privadas | G3: 508 | H3: 561 | I3: 1069 | J3: 43.549213 | K3: 46.88057 | L3: 45.297474 | M3: 99 | N3: 198 | O3: 139 | P3: 58 | Q3: 14 | S3: 92 | T3: 164 | U3: 162 | V3: 96 | W3: 47 | Y3: 730 | Z3: 235 | AA3: 104 | AB3: 219 | AC3: 536 | AD3: 103 | AE3: 174 | AF3: 34 | AG3: 3 | AR3: 1069 | BC3: 1000 | BD3: 69 | BE3: 19.873268 | BF3: 18.44262 | BG3: 19.122479 | BH3: 511 | BI3: 218 | BJ3: 109 | BK3: 231 | BM3: 229.44591 | BN3: 235.14341 | BO3: 464.58932 | BP3: 44.320408 | BQ3: 47.881521 | BR3: 46.122801 | BS3: 115.58 | BT3: 235.4225 | BU3: 46.410455 | BV3: 53.210455 | BW3: 11.011364 | BX3: 2.9545455 | CC3: 434.30318 | CD3: 30.286136 | CE3: 68.065909 | CF3: 91.514318 | CG3: 73.330455 | CH3: 231.67864
A4: 2025 | B4: 3 | C4: UNIVERSIDAD DIEGO PORTALES | D4: Universidades | E4: Universidades CRUCH | F4: Universidades Privadas CRUCH | G4: 1225 | H4: 1542 | I4: 2767 | J4: 44.694694 | K4: 45.891699 | L4: 45.361764 | M4: 198 | N4: 482 | O4: 316 | P4: 166 | Q4: 63 | S4: 238 | T4: 589 | U4: 358 | V4: 228 | W4: 129 | Y4: 2045 | Z4: 574 | AA4: 148 | AB4: 469 | AC4: 1011 | AD4: 673 | AE4: 543 | AF4: 50 | AG4: 5 | AH4: 6 | AK4: 10 | AR4: 2767 | BC4: 2526 | BD4: 241 | BE4: 14.860531 | BF4: 14.618223 | BG4: 14.725497 | BH4: 1461 | BI4: 728 | BJ4: 202 | BK4: 376 | BM4: 413.73068 | BN4: 512.30227 | BO4: 926.03295 | BP4: 45.254857 | BQ4: 46.574887 | BR4: 45.985127 | BS4: 283.96364 | BT4: 344.525 | BU4: 128.74091 | BV4: 151.04205 | BW4: 13.406818 | BX4: 1.0295455 | BY4: 1.375 | CB4: 1.95 | CC4: 834.72159 | CD4: 91.311364 | CE4: 144.00909 | CF4: 262.52045 | CG4: 134.98295 | CH4: 384.52045
A5: 2025 | B5: 4 | C5: UNIVERSIDAD CENTRAL DE CHILE | D5: Universidades | E5: Universidades Privadas | F5: Universidades Privadas | G5: 648 | H5: 659 | I5: 1307 | J5: 44.811728 | K5: 47.685888 | L5: 46.260903 | M5: 128 | N5: 226 | O5: 167 | P5: 79 | Q5: 48 | S5: 94 | T5: 207 | U5: 175 | V5: 109 | W5: 74 | Y5: 861 | Z5: 307 | AA5: 139 | AB5: 242 | AC5: 764 | AD5: 1 | AE5: 281 | AF5: 18 | AG5: 1 | AP5: 373 | AR5: 934 | BC5: 1260 | BD5: 47 | BE5: 22.983025 | BF5: 21.599393 | BG5: 22.285386 | BH5: 504 | BI5: 317 | BJ5: 58 | BK5: 428 | BM5: 338.47727 | BN5: 323.5 | BO5: 661.97727 | BP5: 45.728866 | BQ5: 48.397358 | BR5: 47.032925 | BS5: 177.77273 | BT5: 384.34091 | BU5: 0.25 | BV5: 93.454545 | BW5: 6 | BX5: 0.15909091 | CC5: 627.65909 | CD5: 34.318182 | CE5: 60.840909 | CF5: 113.63636 | CG5: 42.545455 | CH5: 444.95455
A6: 2025 | B6: 7 | C6: UNIVERSIDAD BOLIVARIANA | D6: Universidades | E6: Universidades Privadas | F6: Universidades Privadas | G6: 11 | H6: 27 | I6: 38 | J6: 47.363636 | K6: 55.925926 | L6: 53.447368 | M6: 2 | N6: 5 | O6: 1 | Q6: 3 | T6: 5 | U6: 8 | V6: 9 | W6: 5 | Y6: 26 | Z6: 8 | AA6: 4 | AC6: 17 | AE6: 21 | AM6: 5 | AP6: 1 | AR6: 20 | AV6: 12 | BC6: 38 | BE6: 10.681818 | BF6: 12.425926 | BG6: 11.921053 | BH6: 26 | BI6: 4 | BJ6: 3 | BK6: 5 | BM6: 2.6704545 | BN6: 7.625 | BO6: 10.295455 | BP6: 44.489362 | BQ6: 62.108793 | BR6: 57.538631 | BT6: 4.9431818 | BV6: 5.3522727 | CC6: 10.295455 | CE6: 1.375 | CF6: 1.6590909 | CG6: 2.2613636 | CH6: 5
A7: 2025 | B7: 9 | C7: UNIVERSIDAD DEL ALBA | D7: Universidades | E7: Universidades Privadas | F7: Universidades Privadas | G7: 411 | H7: 455 | I7: 866 | J7: 42.76399 | K7: 43.540659 | L7: 43.172055 | M7: 99 | N7: 153 | O7: 104 | P7: 35 | Q7: 20 | S7: 111 | T7: 165 | U7: 96 | V7: 54 | W7: 29 | Y7: 599 | Z7: 176 | AA7: 91 | AB7: 53 | AC7: 384 | AD7: 39 | AE7: 379 | AF7: 11 | AN7: 120 | AP7: 277 | AR7: 336 | AU7: 133 | BC7: 824 | BD7: 42 | BE7: 16.055961 | BF7: 13.468132 | BG7: 14.696305 | BH7: 467 | BI7: 182 | BJ7: 136 | BK7: 81 | BM7: 149.97727 | BN7: 139.27273 | BO7: 289.25 | BP7: 43.911047 | BQ7: 43.761097 | BR7: 43.838847 | BS7: 19.727273 | BT7: 139.72727 | BU7: 13.840909 | BV7: 114.22727 | BW7: 1.7272727 | CC7: 276.20455 | CD7: 13.045455 | CE7: 55.409091 | CF7: 64.431818 | CG7: 95.068182 | CH7: 74.340909
A8: 2025 | B8: 10 | C8: UNIVERSIDAD MAYOR | D8: Universidades | E8: Universidades Privadas | F8: Universidades Privadas | G8: 1004 | H8: 1093 | I8: 2097 | J8: 43.832669 | K8: 46.797804 | L8: 45.378159 | M8: 215 | N8: 365 | O8: 247 | P8: 119 | Q8: 58 | S8: 161 | T8: 382 | U8: 276 | V8: 166 | W8: 108 | Y8: 1531 | Z8: 389 | AA8: 177 | AB8: 351 | AC8: 944 | AD8: 243 | AE8: 477 | AF8: 51 | AG8: 26 | AI8: 2 | AK8: 3 | AR8: 1613 | AW8: 484 | BC8: 1968 | BD8: 129 | BE8: 18.158337 | BF8: 15.459927 | BG8: 16.751869 | BH8: 1186 | BI8: 274 | BJ8: 76 | BK8: 561 | BM8: 414.34023 | BN8: 384.03864 | BO8: 798.37886 | BP8: 44.897508 | BQ8: 47.423813 | BR8: 46.112719 | BS8: 231.48682 | BT8: 403.84682 | BU8: 42.008636 | BV8: 99.442955 | BW8: 12.466591 | BX8: 7.0304545 | BZ8: 0.22545455 | CB8: 1.8711364 | CC8: 735.97545 | CD8: 62.403409 | CE8: 123.53659 | CF8: 110.82886 | CG8: 52.474773 | CH8: 511.53864
A9: 2025 | B9: 11 | C9: UNIVERSIDAD ACADEMIA DE HUMANISMO CRISTIANO | D9: Universidades | E9: Universidades Privadas | F9: Universidades Privadas | G9: 274 | H9: 323 | I9: 597 | J9: 45.543796 | K9: 45.975232 | L9: 45.777219 | M9: 28 | N9: 114 | O9: 83 | P9: 35 | Q9: 14 | S9: 38 | T9: 130 | U9: 84 | V9: 51 | W9: 20 | Y9: 349 | Z9: 178 | AA9: 70 | AB9: 97 | AC9: 314 | AE9: 97 | AF9: 86 | AG9: 3 | AR9: 597 | BC9: 574 | BD9: 23 | BE9: 15.340073 | BF9: 15.276625 | BG9: 15.305745 | BH9: 355 | BI9: 118 | BJ9: 50 | BK9: 74 | BM9: 95.526818 | BN9: 112.14432 | BO9: 207.67114 | BP9: 45.596353 | BQ9: 46.093106 | BR9: 45.864605 | BS9: 39.604091 | BT9: 109.615 | BV9: 30.756591 | BW9: 26.180227 | BX9: 1.5152273 | CC9: 199.21727 | CD9: 8.4538636 | CE9: 53.173864 | CF9: 46.133864 | CG9: 32.7275 | CH9: 75.635909
A10: 2025 | B10: 13 | C10: UNIVERSIDAD SANTO TOMAS | D10: Universidades | E10: Universidades Privadas | F10: Universidades Privadas | G10: 2029 | H10: 1840 | I10: 3869 | J10: 42.751602 | K10: 43.864674 | L10: 43.280951 | M10: 493 | N10: 757 | O10: 489 | P10: 212 | Q10: 78 | S10: 348 | T10: 732 | U10: 453 | V10: 218 | W10: 89 | Y10: 2359 | Z10: 1041 | AA10: 469 | AB10: 757 | AC10: 2038 | AE10: 881 | AF10: 99 | AG10: 8 | AK10: 86 | AL10: 130 | AM10: 232 | AN10: 183 | AP10: 321 | AQ10: 355 | AR10: 1044 | AT10: 375 | AV10: 482 | AW10: 272 | AX10: 156 | AY10: 319 | BC10: 3753 | BD10: 116 | BE10: 15.901168 | BF10: 13.101913 | BG10: 14.569912 | BH10: 2417 | BI10: 505 | BJ10: 231 | BK10: 716 | BM10: 733.26068 | BN10: 547.89818 | BO10: 1281.1589 | BP10: 44.406719 | BQ10: 44.615872 | BR10: 44.496165 | BS10: 285.84182 | BT10: 795.0025 | BV10: 177.39545 | BW10: 13.59 | BX10: 1.5309091 | CB10: 7.7981818 | CC10: 1240.2448 | CD10: 40.914091 | CE10: 242.33614 | CF10: 188.44864 | CG10: 156.58182 | CH10: 693.79227
A11: 2025 | B11: 16 | C11: UNIVERSIDAD LA REPUBLICA | D11: Universidades | E11: Universidades Privadas | F11: Universidades Privadas | G11: 65 | H11: 81 | I11: 146 | J11: 47.123077 | K11: 46.580247 | L11: 46.821918 | M11: 12 | N11: 19 | O11: 14 | P11: 11 | Q11: 9 | S11: 9 | T11: 29 | U11: 26 | V11: 12 | W11: 5 | Y11: 100 | Z11: 34 | AA11: 12 | AB11: 5 | AC11: 53 | AE11: 80 | AF11: 8 | AL11: 2 | AN11: 13 | AP11: 1 | AR11: 42 | AS11: 15 | AT11: 2 | AU11: 18 | AV11: 34 | AW11: 19 | BC11: 142 | BD11: 4 | BE11: 8.166 | BF11: 6.3290123 | BG11: 7.1468493 | BH11: 128 | BI11: 12 | BK11: 6 | BM11: 12.063409 | BN11: 11.651136 | BO11: 23.714545 | BP11: 49.936114 | BQ11: 46.32215 | BR11: 48.160546 | BS11: 1.4706818 | BT11: 9.6243182 | BV11: 11.689318 | BW11: 0.93022727 | CC11: 23.296136 | CD11: 0.41840909 | CE11: 13.646364 | CF11: 4.0681818 | CH11: 6
A12: 2025 | B12: 17 | C12: UNIVERSIDAD SEK | D12: Universidades | E12: Universidades Privadas | F12: Universidades Privadas | G12: 160 | H12: 161 | I12: 321 | J12: 48.39375 | K12: 47.869565 | L12: 48.130841 | M12: 16 | N12: 50 | O12: 46 | P12: 30 | Q12: 18 | S12: 23 | T12: 50 | U12: 42 | V12: 27 | W12: 19 | Y12: 184 | Z12: 89 | AA12: 48 | AB12: 38 | AC12: 204 | AD12: 1 | AE12: 64 | AF12: 14 | AR12: 321 | BC12: 308 | BD12: 13 | BE12: 20.720312 | BF12: 14.385093 | BG12: 17.542835 | BH12: 194 | BI12: 32 | BJ12: 17 | BK12: 78 | BM12: 75.346591 | BN12: 52.636364 | BO12: 127.98295 | BP12: 50.011161 | BQ12: 51.244279 | BR12: 50.518313 | BS12: 20.522727 | BT12: 84.471591 | BU12: 0.13636364 | BV12: 18.323864 | BW12: 4.5284091 | CC12: 120.99432 | CD12: 6.9886364 | CE12: 22.329545 | CF12: 13 | CG12: 10.846591 | CH12: 81.806818
A13: 2025 | B13: 19 | C13: UNIVERSIDAD DE LAS AMERICAS | D13: Universidades | E13: Universidades Privadas | F13: Universidades Privadas | G13: 1444 | H13: 1412 | I13: 2857 | J13: 43.224377 | K13: 44.717422 | L13: 43.959398 | M13: 253 | N13: 645 | O13: 361 | P13: 133 | Q13: 52 | S13: 213 | T13: 558 | U13: 398 | V13: 172 | W13: 71 | Y13: 1665 | Z13: 809 | AA13: 383 | AB13: 461 | AC13: 1946 | AE13: 428 | AF13: 22 | AQ13: 341 | AR13: 2178 | AV13: 338 | BC13: 2750 | BD13: 107 | BE13: 21.960734 | BF13: 18.771671 | BG13: 20.377599 | BH13: 1333 | BI13: 504 | BJ13: 173 | BK13: 847 | BM13: 720.71136 | BN13: 602.4 | BO13: 1323.1545 | BP13: 43.51447 | BQ13: 44.409985 | BR13: 43.921898 | BS13: 264.09091 | BT13: 910.99773 | BV13: 139.71136 | BW13: 8.3545455 | CC13: 1271.4432 | CD13: 51.711364 | CE13: 164.55 | CF13: 191.82273 | CG13: 108.25909 | CH13: 858.52273
